-- --------------------------------------------------------
-- Host:                         localhost
-- Versión del servidor:         10.4.10-MariaDB - mariadb.org binary distribution
-- SO del servidor:              Win32
-- HeidiSQL Versión:             9.1.0.4867
-- --------------------------------------------------------

/*!40101 SET @OLD_CHARACTER_SET_CLIENT=@@CHARACTER_SET_CLIENT */;
/*!40101 SET NAMES utf8mb4 */;
/*!40014 SET @OLD_FOREIGN_KEY_CHECKS=@@FOREIGN_KEY_CHECKS, FOREIGN_KEY_CHECKS=0 */;
/*!40101 SET @OLD_SQL_MODE=@@SQL_MODE, SQL_MODE='NO_AUTO_VALUE_ON_ZERO' */;

-- Volcando estructura de base de datos para ospos
CREATE DATABASE IF NOT EXISTS `ospos` /*!40100 DEFAULT CHARACTER SET latin1 */;
USE `ospos`;


-- Volcando estructura para tabla ospos.ospos_app_config
CREATE TABLE IF NOT EXISTS `ospos_app_config` (
  `key` varchar(50) NOT NULL,
  `value` varchar(500) NOT NULL,
  PRIMARY KEY (`key`)
) ENGINE=InnoDB DEFAULT CHARSET=utf8;

-- Volcando datos para la tabla ospos.ospos_app_config: ~120 rows (aproximadamente)
/*!40000 ALTER TABLE `ospos_app_config` DISABLE KEYS */;
INSERT INTO `ospos_app_config` (`key`, `value`) VALUES
	('address', '5 de Junio entre 9 de Octubre y Pedro Carbo frente a Delgado Travel'),
	('allow_duplicate_barcodes', '0'),
	('barcode_content', 'id'),
	('barcode_first_row', 'category'),
	('barcode_font', 'Arial'),
	('barcode_font_size', '10'),
	('barcode_formats', '[]'),
	('barcode_generate_if_empty', '0'),
	('barcode_height', '50'),
	('barcode_num_in_row', '2'),
	('barcode_page_cellspacing', '20'),
	('barcode_page_width', '100'),
	('barcode_second_row', 'item_code'),
	('barcode_third_row', 'unit_price'),
	('barcode_type', 'Code39'),
	('barcode_width', '250'),
	('cash_decimals', '2'),
	('cash_rounding_code', '1'),
	('company', 'Nathaly Calzado'),
	('company_logo', 'company_logo1.png'),
	('country_codes', 'ec'),
	('currency_code', 'USD'),
	('currency_decimals', '2'),
	('currency_symbol', '$'),
	('customer_reward_enable', '0'),
	('dateformat', 'm/d/Y'),
	('date_or_time_format', ''),
	('default_receivings_discount', '0'),
	('default_receivings_discount_type', '0'),
	('default_register_mode', 'sale_invoice'),
	('default_sales_discount', '0'),
	('default_sales_discount_type', '0'),
	('default_tax_1_name', ''),
	('default_tax_1_rate', ''),
	('default_tax_2_name', ''),
	('default_tax_2_rate', ''),
	('default_tax_category', '0'),
	('default_tax_code', '1'),
	('default_tax_jurisdiction', '0'),
	('default_tax_rate', '8'),
	('derive_sale_quantity', '0'),
	('dinner_table_enable', '0'),
	('email', 'robert_matamoros@hotmail.es'),
	('email_receipt_check_behaviour', 'last'),
	('enforce_privacy', '0'),
	('fax', ''),
	('financial_year', '1'),
	('gcaptcha_enable', '0'),
	('gcaptcha_secret_key', ''),
	('gcaptcha_site_key', ''),
	('giftcard_number', 'series'),
	('include_hsn', '0'),
	('invoice_default_comments', 'This is a default comment'),
	('invoice_email_message', 'Dear {CU}, In attachment the receipt for sale {ISEQ}'),
	('invoice_enable', '1'),
	('invoice_type', 'invoice'),
	('language', 'spanish'),
	('language_code', 'es'),
	('last_used_invoice_number', '10'),
	('last_used_quote_number', '8'),
	('last_used_work_order_number', '0'),
	('lines_per_page', '25'),
	('line_sequence', '0'),
	('mailpath', '/usr/sbin/sendmail'),
	('msg_msg', ''),
	('msg_pwd', ''),
	('msg_src', ''),
	('msg_uid', ''),
	('multi_pack_enabled', '0'),
	('notify_horizontal_position', 'center'),
	('notify_vertical_position', 'bottom'),
	('number_locale', 'en_US'),
	('payment_options_order', 'cashdebitcredit'),
	('phone', '0999571048'),
	('print_bottom_margin', '0'),
	('print_delay_autoreturn', '0'),
	('print_footer', '0'),
	('print_header', '0'),
	('print_left_margin', '0'),
	('print_receipt_check_behaviour', 'last'),
	('print_right_margin', '0'),
	('print_silently', '1'),
	('print_top_margin', '0'),
	('protocol', 'mail'),
	('quantity_decimals', '0'),
	('quote_default_comments', 'This is a default quote comment'),
	('receipt_font_size', '12'),
	('receipt_show_company_name', '1'),
	('receipt_show_description', '1'),
	('receipt_show_serialnumber', '1'),
	('receipt_show_taxes', '0'),
	('receipt_show_tax_ind', '0'),
	('receipt_show_total_discount', '1'),
	('receipt_template', 'receipt_default'),
	('receiving_calculate_average_price', '0'),
	('recv_invoice_format', '{CO}'),
	('return_policy', '.'),
	('ruc', '0912077864001'),
	('sales_invoice_format', '{CO}'),
	('sales_quote_format', 'Q%y{QSEQ:6}'),
	('smtp_crypto', 'ssl'),
	('smtp_host', ''),
	('smtp_pass', ''),
	('smtp_port', '465'),
	('smtp_timeout', '5'),
	('smtp_user', ''),
	('suggestions_first_column', 'name'),
	('suggestions_second_column', ''),
	('suggestions_third_column', ''),
	('tax_decimals', '2'),
	('tax_id', ''),
	('tax_included', '0'),
	('theme', 'flatly'),
	('thousands_separator', '1'),
	('timeformat', 'H:i:s'),
	('timezone', 'America/New_York'),
	('use_destination_based_tax', '1'),
	('website', ''),
	('work_order_enable', '0'),
	('work_order_format', 'W%y{WSEQ:6}');
/*!40000 ALTER TABLE `ospos_app_config` ENABLE KEYS */;


-- Volcando estructura para tabla ospos.ospos_attribute_definitions
CREATE TABLE IF NOT EXISTS `ospos_attribute_definitions` (
  `definition_id` int(10) NOT NULL AUTO_INCREMENT,
  `definition_name` varchar(255) NOT NULL,
  `definition_type` varchar(45) NOT NULL,
  `definition_unit` varchar(16) DEFAULT NULL,
  `definition_flags` tinyint(4) NOT NULL,
  `definition_fk` int(10) DEFAULT NULL,
  `deleted` tinyint(1) NOT NULL DEFAULT 0,
  PRIMARY KEY (`definition_id`),
  KEY `definition_fk` (`definition_fk`),
  CONSTRAINT `fk_ospos_attribute_definitions_ibfk_1` FOREIGN KEY (`definition_fk`) REFERENCES `ospos_attribute_definitions` (`definition_id`)
) ENGINE=InnoDB DEFAULT CHARSET=utf8;

-- Volcando datos para la tabla ospos.ospos_attribute_definitions: ~0 rows (aproximadamente)
/*!40000 ALTER TABLE `ospos_attribute_definitions` DISABLE KEYS */;
/*!40000 ALTER TABLE `ospos_attribute_definitions` ENABLE KEYS */;


-- Volcando estructura para tabla ospos.ospos_attribute_links
CREATE TABLE IF NOT EXISTS `ospos_attribute_links` (
  `attribute_id` int(11) DEFAULT NULL,
  `definition_id` int(11) NOT NULL,
  `item_id` int(11) DEFAULT NULL,
  `sale_id` int(11) DEFAULT NULL,
  `receiving_id` int(11) DEFAULT NULL,
  UNIQUE KEY `attribute_links_uq1` (`attribute_id`,`definition_id`,`item_id`,`sale_id`,`receiving_id`),
  KEY `attribute_id` (`attribute_id`),
  KEY `definition_id` (`definition_id`),
  KEY `item_id` (`item_id`),
  KEY `sale_id` (`sale_id`),
  KEY `receiving_id` (`receiving_id`),
  CONSTRAINT `ospos_attribute_links_ibfk_1` FOREIGN KEY (`definition_id`) REFERENCES `ospos_attribute_definitions` (`definition_id`) ON DELETE CASCADE,
  CONSTRAINT `ospos_attribute_links_ibfk_2` FOREIGN KEY (`attribute_id`) REFERENCES `ospos_attribute_values` (`attribute_id`) ON DELETE CASCADE,
  CONSTRAINT `ospos_attribute_links_ibfk_3` FOREIGN KEY (`item_id`) REFERENCES `ospos_items` (`item_id`),
  CONSTRAINT `ospos_attribute_links_ibfk_4` FOREIGN KEY (`receiving_id`) REFERENCES `ospos_receivings` (`receiving_id`),
  CONSTRAINT `ospos_attribute_links_ibfk_5` FOREIGN KEY (`sale_id`) REFERENCES `ospos_sales` (`sale_id`)
) ENGINE=InnoDB DEFAULT CHARSET=utf8;

-- Volcando datos para la tabla ospos.ospos_attribute_links: ~0 rows (aproximadamente)
/*!40000 ALTER TABLE `ospos_attribute_links` DISABLE KEYS */;
/*!40000 ALTER TABLE `ospos_attribute_links` ENABLE KEYS */;


-- Volcando estructura para tabla ospos.ospos_attribute_values
CREATE TABLE IF NOT EXISTS `ospos_attribute_values` (
  `attribute_id` int(11) NOT NULL AUTO_INCREMENT,
  `attribute_value` varchar(255) DEFAULT NULL,
  `attribute_date` date DEFAULT NULL,
  `attribute_decimal` decimal(7,3) DEFAULT NULL,
  PRIMARY KEY (`attribute_id`),
  UNIQUE KEY `attribute_value` (`attribute_value`)
) ENGINE=InnoDB DEFAULT CHARSET=utf8;

-- Volcando datos para la tabla ospos.ospos_attribute_values: ~0 rows (aproximadamente)
/*!40000 ALTER TABLE `ospos_attribute_values` DISABLE KEYS */;
/*!40000 ALTER TABLE `ospos_attribute_values` ENABLE KEYS */;


-- Volcando estructura para tabla ospos.ospos_cash_up
CREATE TABLE IF NOT EXISTS `ospos_cash_up` (
  `cashup_id` int(10) NOT NULL AUTO_INCREMENT,
  `open_date` timestamp NULL DEFAULT current_timestamp(),
  `close_date` timestamp NULL DEFAULT NULL,
  `open_amount_cash` decimal(15,2) NOT NULL,
  `transfer_amount_cash` decimal(15,2) NOT NULL,
  `note` int(1) NOT NULL,
  `closed_amount_cash` decimal(15,2) NOT NULL,
  `closed_amount_card` decimal(15,2) NOT NULL,
  `closed_amount_check` decimal(15,2) NOT NULL,
  `closed_amount_total` decimal(15,2) NOT NULL,
  `description` varchar(255) NOT NULL,
  `open_employee_id` int(10) NOT NULL,
  `close_employee_id` int(10) NOT NULL,
  `deleted` int(1) NOT NULL DEFAULT 0,
  `closed_amount_due` decimal(15,2) NOT NULL,
  PRIMARY KEY (`cashup_id`),
  KEY `open_employee_id` (`open_employee_id`),
  KEY `close_employee_id` (`close_employee_id`),
  CONSTRAINT `ospos_cash_up_ibfk_1` FOREIGN KEY (`open_employee_id`) REFERENCES `ospos_employees` (`person_id`),
  CONSTRAINT `ospos_cash_up_ibfk_2` FOREIGN KEY (`close_employee_id`) REFERENCES `ospos_employees` (`person_id`)
) ENGINE=InnoDB AUTO_INCREMENT=2 DEFAULT CHARSET=utf8;

-- Volcando datos para la tabla ospos.ospos_cash_up: ~1 rows (aproximadamente)
/*!40000 ALTER TABLE `ospos_cash_up` DISABLE KEYS */;
INSERT INTO `ospos_cash_up` (`cashup_id`, `open_date`, `close_date`, `open_amount_cash`, `transfer_amount_cash`, `note`, `closed_amount_cash`, `closed_amount_card`, `closed_amount_check`, `closed_amount_total`, `description`, `open_employee_id`, `close_employee_id`, `deleted`, `closed_amount_due`) VALUES
	(1, '2021-05-22 20:26:39', '2021-05-22 20:26:39', 1000.00, 1200.00, 1, 100.00, 0.00, 0.00, -2100.00, '', 1, 82, 0, 0.00);
/*!40000 ALTER TABLE `ospos_cash_up` ENABLE KEYS */;


-- Volcando estructura para tabla ospos.ospos_customers
CREATE TABLE IF NOT EXISTS `ospos_customers` (
  `person_id` int(10) NOT NULL,
  `company_name` varchar(255) DEFAULT NULL,
  `account_number` varchar(255) DEFAULT NULL,
  `taxable` int(1) NOT NULL DEFAULT 1,
  `tax_id` varchar(32) NOT NULL DEFAULT '',
  `sales_tax_code_id` int(11) DEFAULT NULL,
  `discount` decimal(15,2) NOT NULL DEFAULT 0.00,
  `discount_type` tinyint(2) NOT NULL DEFAULT 0,
  `package_id` int(11) DEFAULT NULL,
  `points` int(11) DEFAULT NULL,
  `deleted` int(1) NOT NULL DEFAULT 0,
  `date` timestamp NOT NULL DEFAULT current_timestamp(),
  `employee_id` int(10) NOT NULL,
  `consent` int(1) NOT NULL DEFAULT 0,
  UNIQUE KEY `account_number` (`account_number`),
  KEY `person_id` (`person_id`),
  KEY `package_id` (`package_id`),
  KEY `sales_tax_code_id` (`sales_tax_code_id`),
  CONSTRAINT `ospos_customers_ibfk_3` FOREIGN KEY (`sales_tax_code_id`) REFERENCES `ospos_tax_codes` (`tax_code_id`)
) ENGINE=InnoDB DEFAULT CHARSET=utf8;

-- Volcando datos para la tabla ospos.ospos_customers: ~21 rows (aproximadamente)
/*!40000 ALTER TABLE `ospos_customers` DISABLE KEYS */;
INSERT INTO `ospos_customers` (`person_id`, `company_name`, `account_number`, `taxable`, `tax_id`, `sales_tax_code_id`, `discount`, `discount_type`, `package_id`, `points`, `deleted`, `date`, `employee_id`, `consent`) VALUES
	(3, NULL, NULL, 1, '', NULL, 0.00, 0, NULL, NULL, 0, '2020-08-05 06:31:46', 1, 1),
	(69, NULL, NULL, 1, '', NULL, 0.00, 0, NULL, NULL, 1, '2020-08-05 06:31:46', 1, 1),
	(70, '', NULL, 0, '', NULL, 0.00, 0, NULL, NULL, 1, '2020-08-05 06:34:51', 1, 1),
	(72, '', NULL, 0, '', NULL, 0.00, 0, NULL, NULL, 1, '2020-08-05 06:38:20', 1, 1),
	(73, NULL, NULL, 1, '', NULL, 0.00, 0, NULL, NULL, 1, '2020-08-05 06:39:41', 1, 1),
	(74, NULL, NULL, 1, '', NULL, 0.00, 0, NULL, NULL, 1, '2020-08-05 06:46:18', 1, 1),
	(75, NULL, NULL, 1, '', NULL, 0.00, 0, NULL, NULL, 1, '2020-08-05 06:46:24', 1, 1),
	(76, NULL, NULL, 1, '', NULL, 0.00, 0, NULL, NULL, 1, '2020-08-06 06:23:08', 1, 1),
	(77, NULL, NULL, 1, '', NULL, 0.00, 0, NULL, NULL, 0, '2020-08-07 15:09:25', 1, 1),
	(78, NULL, NULL, 1, '', NULL, 0.00, 0, NULL, NULL, 1, '2020-08-26 02:10:05', 1, 1),
	(79, NULL, NULL, 1, '', NULL, 0.00, 0, NULL, NULL, 1, '2020-08-26 02:19:21', 1, 1),
	(80, NULL, NULL, 1, '', NULL, 0.00, 0, NULL, NULL, 1, '2020-08-26 12:35:44', 1, 1),
	(81, NULL, NULL, 1, '', NULL, 0.00, 0, NULL, NULL, 1, '2020-11-25 13:09:26', 1, 1),
	(83, NULL, NULL, 1, '', NULL, 0.00, 0, NULL, NULL, 0, '2021-05-25 14:56:39', 1, 1),
	(84, NULL, NULL, 1, '', NULL, 0.00, 0, NULL, NULL, 1, '2021-06-18 13:57:11', 1, 1),
	(85, NULL, NULL, 1, '', NULL, 0.00, 0, NULL, NULL, 1, '2021-12-02 09:54:55', 1, 1),
	(86, NULL, NULL, 1, '', NULL, 0.00, 0, NULL, NULL, 1, '2022-03-07 11:02:45', 1, 1),
	(87, NULL, NULL, 1, '', NULL, 0.00, 0, NULL, NULL, 1, '2022-03-07 12:12:43', 1, 1),
	(88, NULL, NULL, 1, '', NULL, 0.00, 0, NULL, NULL, 1, '2022-03-08 22:02:19', 1, 1),
	(89, NULL, NULL, 1, '', NULL, 0.00, 0, NULL, NULL, 1, '2022-11-16 10:36:48', 1, 1),
	(90, NULL, NULL, 1, '', NULL, 0.00, 0, NULL, NULL, 1, '2023-01-25 07:30:04', 1, 1);
/*!40000 ALTER TABLE `ospos_customers` ENABLE KEYS */;


-- Volcando estructura para tabla ospos.ospos_customers_packages
CREATE TABLE IF NOT EXISTS `ospos_customers_packages` (
  `package_id` int(11) NOT NULL AUTO_INCREMENT,
  `package_name` varchar(255) DEFAULT NULL,
  `points_percent` float NOT NULL DEFAULT 0,
  `deleted` int(1) NOT NULL DEFAULT 0,
  PRIMARY KEY (`package_id`)
) ENGINE=InnoDB AUTO_INCREMENT=6 DEFAULT CHARSET=utf8;

-- Volcando datos para la tabla ospos.ospos_customers_packages: ~5 rows (aproximadamente)
/*!40000 ALTER TABLE `ospos_customers_packages` DISABLE KEYS */;
INSERT INTO `ospos_customers_packages` (`package_id`, `package_name`, `points_percent`, `deleted`) VALUES
	(1, 'Default', 0, 0),
	(2, 'Bronze', 10, 0),
	(3, 'Silver', 20, 0),
	(4, 'Gold', 30, 0),
	(5, 'Premium', 50, 0);
/*!40000 ALTER TABLE `ospos_customers_packages` ENABLE KEYS */;


-- Volcando estructura para tabla ospos.ospos_customers_points
CREATE TABLE IF NOT EXISTS `ospos_customers_points` (
  `id` int(11) NOT NULL AUTO_INCREMENT,
  `person_id` int(11) NOT NULL,
  `package_id` int(11) NOT NULL,
  `sale_id` int(11) NOT NULL,
  `points_earned` int(11) NOT NULL,
  PRIMARY KEY (`id`),
  KEY `person_id` (`person_id`),
  KEY `package_id` (`package_id`),
  KEY `sale_id` (`sale_id`)
) ENGINE=InnoDB DEFAULT CHARSET=utf8;

-- Volcando datos para la tabla ospos.ospos_customers_points: ~0 rows (aproximadamente)
/*!40000 ALTER TABLE `ospos_customers_points` DISABLE KEYS */;
/*!40000 ALTER TABLE `ospos_customers_points` ENABLE KEYS */;


-- Volcando estructura para tabla ospos.ospos_dinner_tables
CREATE TABLE IF NOT EXISTS `ospos_dinner_tables` (
  `dinner_table_id` int(11) NOT NULL AUTO_INCREMENT,
  `name` varchar(30) NOT NULL,
  `status` tinyint(1) NOT NULL DEFAULT 0,
  `deleted` int(1) NOT NULL DEFAULT 0,
  PRIMARY KEY (`dinner_table_id`)
) ENGINE=InnoDB AUTO_INCREMENT=3 DEFAULT CHARSET=utf8;

-- Volcando datos para la tabla ospos.ospos_dinner_tables: ~2 rows (aproximadamente)
/*!40000 ALTER TABLE `ospos_dinner_tables` DISABLE KEYS */;
INSERT INTO `ospos_dinner_tables` (`dinner_table_id`, `name`, `status`, `deleted`) VALUES
	(1, 'Delivery', 0, 0),
	(2, 'Take Away', 0, 0);
/*!40000 ALTER TABLE `ospos_dinner_tables` ENABLE KEYS */;


-- Volcando estructura para tabla ospos.ospos_electronic
CREATE TABLE IF NOT EXISTS `ospos_electronic` (
  `nfactura` int(11) DEFAULT NULL,
  `clavedeacceso` varchar(50) DEFAULT NULL,
  `ruc_cliente` varchar(50) DEFAULT NULL,
  `cantidad` int(11) DEFAULT NULL,
  `detalle` varchar(200) DEFAULT NULL,
  `codigo_producto` varchar(50) DEFAULT NULL,
  `precio_unitario` double DEFAULT NULL,
  `descuento` double DEFAULT NULL,
  `cerrado` int(11) DEFAULT 1,
  `xml` varchar(50) DEFAULT 'N'
) ENGINE=MyISAM DEFAULT CHARSET=latin1;

-- Volcando datos para la tabla ospos.ospos_electronic: 0 rows
/*!40000 ALTER TABLE `ospos_electronic` DISABLE KEYS */;
/*!40000 ALTER TABLE `ospos_electronic` ENABLE KEYS */;


-- Volcando estructura para tabla ospos.ospos_employees
CREATE TABLE IF NOT EXISTS `ospos_employees` (
  `username` varchar(255) NOT NULL,
  `password` varchar(255) NOT NULL,
  `person_id` int(10) NOT NULL,
  `deleted` int(1) NOT NULL DEFAULT 0,
  `hash_version` int(1) NOT NULL DEFAULT 2,
  `language` varchar(48) DEFAULT NULL,
  `language_code` varchar(8) DEFAULT NULL,
  UNIQUE KEY `username` (`username`),
  KEY `person_id` (`person_id`)
) ENGINE=InnoDB DEFAULT CHARSET=utf8;

-- Volcando datos para la tabla ospos.ospos_employees: ~2 rows (aproximadamente)
/*!40000 ALTER TABLE `ospos_employees` DISABLE KEYS */;
INSERT INTO `ospos_employees` (`username`, `password`, `person_id`, `deleted`, `hash_version`, `language`, `language_code`) VALUES
	('admin', '$2y$10$vJBSMlD02EC7ENSrKfVQXuvq9tNRHMtcOA8MSK2NYS748HHWm.gcG', 1, 0, 2, NULL, NULL),
	('cajero', '$2y$10$CfkYNls/0MPXJdORJmkvieD/6klqvzTC1Vq/dCJbmWNoadInfvaLu', 82, 0, 2, 'spanish', 'es');
/*!40000 ALTER TABLE `ospos_employees` ENABLE KEYS */;


-- Volcando estructura para tabla ospos.ospos_expenses
CREATE TABLE IF NOT EXISTS `ospos_expenses` (
  `expense_id` int(10) NOT NULL AUTO_INCREMENT,
  `date` timestamp NULL DEFAULT current_timestamp(),
  `amount` decimal(15,2) NOT NULL,
  `payment_type` varchar(40) NOT NULL,
  `expense_category_id` int(11) NOT NULL,
  `description` varchar(255) NOT NULL,
  `employee_id` int(10) NOT NULL,
  `deleted` int(1) NOT NULL DEFAULT 0,
  `supplier_tax_code` varchar(255) DEFAULT NULL,
  `tax_amount` decimal(15,2) DEFAULT NULL,
  `supplier_id` int(10) DEFAULT NULL,
  PRIMARY KEY (`expense_id`),
  KEY `expense_category_id` (`expense_category_id`),
  KEY `employee_id` (`employee_id`),
  KEY `ospos_expenses_ibfk_3` (`supplier_id`),
  KEY `date` (`date`),
  CONSTRAINT `ospos_expenses_ibfk_1` FOREIGN KEY (`expense_category_id`) REFERENCES `ospos_expense_categories` (`expense_category_id`),
  CONSTRAINT `ospos_expenses_ibfk_2` FOREIGN KEY (`employee_id`) REFERENCES `ospos_employees` (`person_id`),
  CONSTRAINT `ospos_expenses_ibfk_3` FOREIGN KEY (`supplier_id`) REFERENCES `ospos_suppliers` (`person_id`)
) ENGINE=InnoDB DEFAULT CHARSET=utf8;

-- Volcando datos para la tabla ospos.ospos_expenses: ~0 rows (aproximadamente)
/*!40000 ALTER TABLE `ospos_expenses` DISABLE KEYS */;
/*!40000 ALTER TABLE `ospos_expenses` ENABLE KEYS */;


-- Volcando estructura para tabla ospos.ospos_expense_categories
CREATE TABLE IF NOT EXISTS `ospos_expense_categories` (
  `expense_category_id` int(10) NOT NULL AUTO_INCREMENT,
  `category_name` varchar(255) DEFAULT NULL,
  `category_description` varchar(255) NOT NULL,
  `deleted` int(1) NOT NULL DEFAULT 0,
  PRIMARY KEY (`expense_category_id`),
  UNIQUE KEY `category_name` (`category_name`)
) ENGINE=InnoDB DEFAULT CHARSET=utf8;

-- Volcando datos para la tabla ospos.ospos_expense_categories: ~0 rows (aproximadamente)
/*!40000 ALTER TABLE `ospos_expense_categories` DISABLE KEYS */;
/*!40000 ALTER TABLE `ospos_expense_categories` ENABLE KEYS */;


-- Volcando estructura para tabla ospos.ospos_giftcards
CREATE TABLE IF NOT EXISTS `ospos_giftcards` (
  `record_time` timestamp NOT NULL DEFAULT current_timestamp(),
  `giftcard_id` int(11) NOT NULL AUTO_INCREMENT,
  `giftcard_number` varchar(255) DEFAULT NULL,
  `value` decimal(15,2) NOT NULL,
  `deleted` int(1) NOT NULL DEFAULT 0,
  `person_id` int(10) DEFAULT NULL,
  PRIMARY KEY (`giftcard_id`),
  UNIQUE KEY `giftcard_number` (`giftcard_number`),
  KEY `person_id` (`person_id`)
) ENGINE=InnoDB AUTO_INCREMENT=3 DEFAULT CHARSET=utf8;

-- Volcando datos para la tabla ospos.ospos_giftcards: ~2 rows (aproximadamente)
/*!40000 ALTER TABLE `ospos_giftcards` DISABLE KEYS */;
INSERT INTO `ospos_giftcards` (`record_time`, `giftcard_id`, `giftcard_number`, `value`, `deleted`, `person_id`) VALUES
	('2020-03-07 22:42:02', 1, '454545', 10.00, 0, 3),
	('2020-03-07 22:43:51', 2, '111222', 10.00, 0, NULL);
/*!40000 ALTER TABLE `ospos_giftcards` ENABLE KEYS */;


-- Volcando estructura para tabla ospos.ospos_grants
CREATE TABLE IF NOT EXISTS `ospos_grants` (
  `permission_id` varchar(255) NOT NULL,
  `person_id` int(10) NOT NULL,
  `menu_group` varchar(32) DEFAULT 'home',
  PRIMARY KEY (`permission_id`,`person_id`)
) ENGINE=InnoDB DEFAULT CHARSET=utf8;

-- Volcando datos para la tabla ospos.ospos_grants: ~59 rows (aproximadamente)
/*!40000 ALTER TABLE `ospos_grants` DISABLE KEYS */;
INSERT INTO `ospos_grants` (`permission_id`, `person_id`, `menu_group`) VALUES
	('attributes', 1, 'office'),
	('cashups', 1, 'home'),
	('config', 1, 'office'),
	('customers', 1, 'home'),
	('customers', 82, 'home'),
	('employees', 1, 'office'),
	('expenses', 1, 'home'),
	('expenses_categories', 1, 'home'),
	('giftcards', 1, 'home'),
	('home', 1, 'office'),
	('items', 1, 'home'),
	('items_En_Existencia', 1, 'home'),
	('items_stock', 1, 'home'),
	('items_zapatos con tacon', 1, 'home'),
	('item_kits', 1, 'home'),
	('messages', 1, 'home'),
	('office', 1, 'home'),
	('receivings', 1, 'home'),
	('receivings_En_Existencia', 1, 'home'),
	('receivings_stock', 1, 'home'),
	('receivings_zapatos con tacon', 1, 'home'),
	('reports', 1, 'home'),
	('reports', 82, 'home'),
	('reports_categories', 1, 'home'),
	('reports_categories', 82, '--'),
	('reports_customers', 1, 'home'),
	('reports_customers', 82, '--'),
	('reports_discounts', 1, 'home'),
	('reports_discounts', 82, '--'),
	('reports_employees', 1, 'home'),
	('reports_employees', 82, '--'),
	('reports_expenses_categories', 1, 'home'),
	('reports_expenses_categories', 82, '--'),
	('reports_inventory', 1, 'home'),
	('reports_inventory', 82, '--'),
	('reports_items', 1, 'home'),
	('reports_items', 82, '--'),
	('reports_payments', 1, 'home'),
	('reports_payments', 82, '--'),
	('reports_receivings', 1, 'home'),
	('reports_receivings', 82, '--'),
	('reports_sales', 1, 'home'),
	('reports_sales', 82, '--'),
	('reports_sales_taxes', 1, 'home'),
	('reports_sales_taxes', 82, '--'),
	('reports_suppliers', 1, 'home'),
	('reports_suppliers', 82, '--'),
	('reports_taxes', 1, 'home'),
	('reports_taxes', 82, '--'),
	('sales', 1, 'home'),
	('sales', 82, 'home'),
	('sales_change_price', 1, '--'),
	('sales_delete', 1, '--'),
	('sales_delete', 82, '--'),
	('sales_En_Existencia', 1, 'home'),
	('sales_stock', 1, 'home'),
	('sales_zapatos con tacon', 1, 'home'),
	('suppliers', 1, 'home'),
	('taxes', 1, 'office');
/*!40000 ALTER TABLE `ospos_grants` ENABLE KEYS */;


-- Volcando estructura para tabla ospos.ospos_inventory
CREATE TABLE IF NOT EXISTS `ospos_inventory` (
  `trans_id` int(11) NOT NULL AUTO_INCREMENT,
  `trans_items` int(11) NOT NULL DEFAULT 0,
  `trans_user` int(11) NOT NULL DEFAULT 0,
  `trans_date` timestamp NOT NULL DEFAULT current_timestamp(),
  `trans_comment` text NOT NULL,
  `trans_location` int(11) NOT NULL,
  `trans_inventory` decimal(15,3) NOT NULL DEFAULT 0.000,
  PRIMARY KEY (`trans_id`),
  KEY `trans_items` (`trans_items`),
  KEY `trans_user` (`trans_user`),
  KEY `trans_location` (`trans_location`),
  KEY `trans_date` (`trans_date`)
) ENGINE=InnoDB AUTO_INCREMENT=715 DEFAULT CHARSET=utf8;

-- Volcando datos para la tabla ospos.ospos_inventory: ~686 rows (aproximadamente)
/*!40000 ALTER TABLE `ospos_inventory` DISABLE KEYS */;
INSERT INTO `ospos_inventory` (`trans_id`, `trans_items`, `trans_user`, `trans_date`, `trans_comment`, `trans_location`, `trans_inventory`) VALUES
	(1, 1, 1, '2020-02-24 07:59:18', 'Edición Manual de Cantidad', 1, 0.000),
	(2, 1, 1, '2020-02-24 07:59:33', '', 1, 1500.000),
	(3, 2, 1, '2020-02-24 08:19:46', 'Edición Manual de Cantidad', 1, 100.000),
	(12, 1, 1, '2020-02-24 08:35:47', 'POS 5', 1, -1.000),
	(13, 1, 1, '2020-02-24 08:36:03', 'POS 6', 1, -1.000),
	(17, 1, 1, '2020-02-24 08:37:35', 'POS 9', 1, -1.000),
	(20, 1, 1, '2020-02-24 08:38:44', 'POS 11', 1, -1.000),
	(21, 2, 1, '2020-02-24 08:38:44', 'POS 11', 1, -1.000),
	(32, 1, 1, '2020-02-24 08:58:21', 'POS 23', 1, -1.000),
	(38, 1, 1, '2020-02-24 09:06:47', 'POS 31', 1, -1.000),
	(39, 2, 1, '2020-02-24 09:08:03', 'POS 32', 1, -1.000),
	(40, 2, 1, '2020-02-24 09:08:20', 'POS 33', 1, -1.000),
	(41, 2, 1, '2020-02-24 09:13:03', 'POS 34', 1, -2.000),
	(42, 1, 1, '2020-02-24 09:29:14', 'POS 35', 1, -1.000),
	(43, 2, 1, '2020-02-24 09:29:14', 'POS 35', 1, -1.000),
	(44, 1, 1, '2020-02-24 09:30:39', 'POS 36', 1, -1.000),
	(45, 2, 1, '2020-02-24 09:30:39', 'POS 36', 1, -1.000),
	(46, 1, 1, '2020-02-26 02:05:19', 'POS 37', 1, -1.000),
	(47, 1, 1, '2020-02-26 02:15:56', 'POS 38', 1, -1.000),
	(48, 1, 1, '2020-02-26 02:17:06', 'POS 39', 1, -1.000),
	(49, 1, 1, '2020-02-26 02:54:15', 'POS 40', 1, -1.000),
	(50, 1, 1, '2020-02-26 02:54:42', 'POS 41', 1, -1.000),
	(51, 1, 1, '2020-02-26 02:56:24', 'POS 42', 1, -1.000),
	(52, 1, 1, '2020-02-27 04:49:30', 'POS 43', 1, -1.000),
	(53, 1, 1, '2020-02-27 06:24:23', 'POS 44', 1, -1.000),
	(54, 1, 1, '2020-02-27 06:44:04', 'POS 45', 1, -1.000),
	(55, 2, 1, '2020-02-27 06:44:04', 'POS 45', 1, -1.000),
	(56, 1, 1, '2020-02-28 06:57:10', 'POS 46', 1, -1.000),
	(57, 1, 1, '2020-02-28 07:02:05', 'POS 47', 1, -1.000),
	(58, 1, 1, '2020-02-28 07:02:28', 'POS 48', 1, -2.000),
	(59, 1, 1, '2020-02-28 07:02:44', 'POS 49', 1, -2.000),
	(60, 2, 1, '2020-02-28 07:09:28', 'POS 50', 1, -1.000),
	(61, 1, 1, '2020-02-28 07:09:28', 'POS 50', 1, -1.000),
	(62, 2, 1, '2020-02-28 07:11:12', 'POS 51', 1, -3.000),
	(63, 1, 1, '2020-02-28 07:11:12', 'POS 51', 1, -2.000),
	(64, 1, 1, '2020-02-28 07:15:52', 'POS 52', 1, -1.000),
	(65, 1, 1, '2020-02-28 09:11:12', 'POS 53', 1, -2.000),
	(66, 2, 1, '2020-02-28 09:11:12', 'POS 53', 1, -1.000),
	(67, 1, 1, '2020-03-01 02:28:58', 'POS 54', 1, -1.000),
	(68, 2, 1, '2020-03-01 02:28:58', 'POS 54', 1, -1.000),
	(69, 1, 1, '2020-03-01 02:30:23', 'POS 55', 1, -1.000),
	(70, 2, 1, '2020-03-01 02:30:23', 'POS 55', 1, -1.000),
	(71, 1, 1, '2020-03-01 02:36:40', 'POS 56', 1, -1.000),
	(72, 2, 1, '2020-03-01 02:36:40', 'POS 56', 1, -1.000),
	(73, 1, 1, '2020-03-01 02:38:03', 'POS 57', 1, -1.000),
	(74, 1, 1, '2020-03-01 02:39:52', 'POS 58', 1, -1.000),
	(75, 1, 1, '2020-03-01 02:40:35', 'POS 59', 1, -1.000),
	(76, 1, 1, '2020-03-01 02:41:25', 'POS 60', 1, -1.000),
	(77, 1, 1, '2020-03-01 02:42:18', 'POS 61', 1, -1.000),
	(78, 1, 1, '2020-03-01 02:43:01', 'POS 62', 1, -1.000),
	(79, 1, 1, '2020-03-01 02:43:27', 'POS 63', 1, -1.000),
	(80, 1, 1, '2020-03-01 02:43:51', 'POS 64', 1, -1.000),
	(81, 1, 1, '2020-03-01 02:44:17', 'POS 65', 1, -1.000),
	(82, 1, 1, '2020-03-01 02:45:31', 'POS 66', 1, -1.000),
	(83, 2, 1, '2020-03-01 02:45:31', 'POS 66', 1, -1.000),
	(84, 1, 1, '2020-03-01 02:46:15', 'POS 67', 1, -1.000),
	(85, 2, 1, '2020-03-01 02:46:15', 'POS 67', 1, -1.000),
	(86, 1, 1, '2020-03-01 02:47:03', 'POS 68', 1, -1.000),
	(87, 2, 1, '2020-03-01 02:47:03', 'POS 68', 1, -1.000),
	(88, 1, 1, '2020-03-07 22:38:32', 'POS 69', 1, -2.000),
	(89, 1, 1, '2020-03-10 23:28:51', 'POS 70', 1, -1.000),
	(90, 1, 1, '2020-03-10 23:31:54', 'POS 71', 1, -1.000),
	(91, 2, 1, '2020-03-10 23:31:54', 'POS 71', 1, -1.000),
	(92, 2, 1, '2020-03-10 23:47:55', 'POS 72', 1, -1.000),
	(93, 1, 1, '2020-03-10 23:53:47', 'POS 73', 1, -1.000),
	(94, 1, 1, '2020-03-11 01:35:35', 'POS 74', 1, -1.000),
	(95, 1, 1, '2020-03-11 02:08:00', 'POS 75', 1, -2.000),
	(96, 2, 1, '2020-03-11 02:08:00', 'POS 75', 1, -1.000),
	(97, 1, 1, '2020-03-11 02:15:09', 'POS 76', 1, -1.000),
	(98, 3, 1, '2020-03-12 03:22:34', 'Edición Manual de Cantidad', 1, 10000.000),
	(99, 3, 1, '2020-03-12 03:22:55', 'POS 77', 1, -1.000),
	(100, 1, 1, '2020-03-12 03:22:55', 'POS 77', 1, -2.000),
	(101, 2, 1, '2020-03-12 03:22:55', 'POS 77', 1, -2.000),
	(102, 1, 1, '2020-03-12 03:35:13', 'POS 78', 1, -1.000),
	(103, 3, 1, '2020-03-12 03:35:13', 'POS 78', 1, -2.000),
	(104, 2, 1, '2020-03-12 03:35:13', 'POS 78', 1, -3.000),
	(105, 1, 1, '2020-03-29 14:55:38', 'POS 79', 1, -1.000),
	(106, 1, 1, '2020-07-21 05:47:09', 'POS 80', 1, -1.000),
	(107, 2, 1, '2020-07-21 05:47:09', 'POS 80', 1, -1.000),
	(108, 1, 1, '2020-08-02 01:03:37', 'POS 81', 1, -2.000),
	(109, 1, 1, '2020-08-02 01:21:19', 'POS 82', 1, -2.000),
	(110, 2, 1, '2020-08-02 01:21:19', 'POS 82', 1, -2.000),
	(111, 1, 1, '2020-08-02 01:21:52', 'POS 83', 1, -2.000),
	(112, 2, 1, '2020-08-02 01:21:52', 'POS 83', 1, -1.000),
	(113, 1, 1, '2020-08-02 01:23:03', 'POS 84', 1, -2.000),
	(114, 1, 1, '2020-08-02 01:31:14', 'POS 85', 1, -1.000),
	(115, 2, 1, '2020-08-02 01:31:14', 'POS 85', 1, -1.000),
	(116, 1, 1, '2020-08-02 02:00:12', 'POS 86', 1, -3.000),
	(117, 2, 1, '2020-08-02 02:00:12', 'POS 86', 1, -1.000),
	(118, 3, 1, '2020-08-02 02:00:12', 'POS 86', 1, -1.000),
	(119, 4, 1, '2020-08-02 03:08:49', 'Edición Manual de Cantidad', 1, 0.000),
	(120, 5, 1, '2020-08-02 03:11:12', 'Edición Manual de Cantidad', 1, 0.000),
	(121, 6, 1, '2020-08-02 03:12:29', 'Edición Manual de Cantidad', 1, 0.000),
	(122, 7, 1, '2020-08-02 03:12:53', 'Edición Manual de Cantidad', 1, 0.000),
	(123, 8, 1, '2020-08-02 03:13:18', 'Edición Manual de Cantidad', 1, 0.000),
	(124, 9, 1, '2020-08-02 03:13:35', 'Edición Manual de Cantidad', 1, 0.000),
	(125, 10, 1, '2020-08-02 03:13:51', 'Edición Manual de Cantidad', 1, 0.000),
	(126, 11, 1, '2020-08-02 03:14:09', 'Edición Manual de Cantidad', 1, 0.000),
	(127, 12, 1, '2020-08-02 03:14:29', 'Edición Manual de Cantidad', 1, 0.000),
	(128, 13, 1, '2020-08-02 03:14:47', 'Edición Manual de Cantidad', 1, 0.000),
	(129, 14, 1, '2020-08-02 03:15:13', 'Edición Manual de Cantidad', 1, 0.000),
	(130, 15, 1, '2020-08-02 03:15:32', 'Edición Manual de Cantidad', 1, 0.000),
	(131, 16, 1, '2020-08-02 03:15:53', 'Edición Manual de Cantidad', 1, 0.000),
	(132, 17, 1, '2020-08-02 03:16:14', 'Edición Manual de Cantidad', 1, 0.000),
	(133, 18, 1, '2020-08-02 03:16:38', 'Edición Manual de Cantidad', 1, 0.000),
	(134, 19, 1, '2020-08-02 03:16:53', 'Edición Manual de Cantidad', 1, 0.000),
	(135, 6, 1, '2020-08-02 03:18:15', 'POS 87', 1, -1.000),
	(136, 3, 1, '2020-08-02 03:18:15', 'POS 87', 1, -2.000),
	(137, 5, 1, '2020-08-02 03:18:15', 'POS 87', 1, -1.000),
	(138, 4, 1, '2020-08-02 03:18:15', 'POS 87', 1, -1.000),
	(139, 2, 1, '2020-08-02 03:18:15', 'POS 87', 1, -1.000),
	(140, 7, 1, '2020-08-02 03:18:15', 'POS 87', 1, -1.000),
	(141, 8, 1, '2020-08-02 03:18:15', 'POS 87', 1, -1.000),
	(142, 9, 1, '2020-08-02 03:18:15', 'POS 87', 1, -1.000),
	(143, 10, 1, '2020-08-02 03:18:15', 'POS 87', 1, -1.000),
	(144, 11, 1, '2020-08-02 03:18:15', 'POS 87', 1, -1.000),
	(145, 12, 1, '2020-08-02 03:18:15', 'POS 87', 1, -1.000),
	(146, 13, 1, '2020-08-02 03:18:15', 'POS 87', 1, -1.000),
	(147, 14, 1, '2020-08-02 03:18:15', 'POS 87', 1, -1.000),
	(148, 15, 1, '2020-08-02 03:18:15', 'POS 87', 1, -1.000),
	(149, 16, 1, '2020-08-02 03:18:15', 'POS 87', 1, -1.000),
	(150, 17, 1, '2020-08-02 03:18:15', 'POS 87', 1, -1.000),
	(151, 18, 1, '2020-08-02 03:18:15', 'POS 87', 1, -1.000),
	(152, 19, 1, '2020-08-02 03:18:15', 'POS 87', 1, -1.000),
	(153, 20, 1, '2020-08-02 03:19:17', 'Edición Manual de Cantidad', 1, 0.000),
	(154, 21, 1, '2020-08-02 03:19:40', 'Edición Manual de Cantidad', 1, 0.000),
	(155, 6, 1, '2020-08-02 03:20:45', 'POS 88', 1, -1.000),
	(156, 7, 1, '2020-08-02 03:20:45', 'POS 88', 1, -1.000),
	(157, 8, 1, '2020-08-02 03:20:45', 'POS 88', 1, -1.000),
	(158, 9, 1, '2020-08-02 03:20:45', 'POS 88', 1, -1.000),
	(159, 10, 1, '2020-08-02 03:20:45', 'POS 88', 1, -1.000),
	(160, 11, 1, '2020-08-02 03:20:45', 'POS 88', 1, -1.000),
	(161, 12, 1, '2020-08-02 03:20:45', 'POS 88', 1, -1.000),
	(162, 13, 1, '2020-08-02 03:20:45', 'POS 88', 1, -1.000),
	(163, 14, 1, '2020-08-02 03:20:45', 'POS 88', 1, -1.000),
	(164, 15, 1, '2020-08-02 03:20:45', 'POS 88', 1, -1.000),
	(165, 16, 1, '2020-08-02 03:20:45', 'POS 88', 1, -1.000),
	(166, 17, 1, '2020-08-02 03:20:45', 'POS 88', 1, -1.000),
	(167, 18, 1, '2020-08-02 03:20:45', 'POS 88', 1, -1.000),
	(168, 19, 1, '2020-08-02 03:20:45', 'POS 88', 1, -1.000),
	(169, 20, 1, '2020-08-02 03:20:45', 'POS 88', 1, -1.000),
	(170, 3, 1, '2020-08-02 03:20:45', 'POS 88', 1, -1.000),
	(171, 5, 1, '2020-08-02 03:20:45', 'POS 88', 1, -1.000),
	(172, 1, 1, '2020-08-02 03:20:45', 'POS 88', 1, -1.000),
	(173, 4, 1, '2020-08-02 03:20:45', 'POS 88', 1, -1.000),
	(174, 2, 1, '2020-08-02 03:20:45', 'POS 88', 1, -1.000),
	(175, 1, 1, '2020-08-02 04:18:56', 'POS 89', 1, -1.000),
	(176, 1, 1, '2020-08-02 04:19:19', 'POS 90', 1, -1.000),
	(177, 1, 1, '2020-08-02 04:19:40', 'POS 91', 1, -1.000),
	(178, 1, 1, '2020-08-04 04:04:31', 'POS 92', 1, -1.000),
	(179, 1, 1, '2020-08-04 04:11:16', 'POS 93', 1, -1.000),
	(180, 1, 1, '2020-08-04 04:11:37', 'POS 94', 1, -1.000),
	(181, 1, 1, '2020-08-04 04:26:31', 'POS 95', 1, -1.000),
	(182, 1, 1, '2020-08-04 04:30:22', 'POS 96', 1, -1.000),
	(183, 1, 1, '2020-08-04 04:32:12', 'POS 97', 1, -1.000),
	(184, 1, 1, '2020-08-04 04:41:51', 'POS 98', 1, -1.000),
	(185, 1, 1, '2020-08-04 04:42:21', 'POS 99', 1, -1.000),
	(186, 1, 1, '2020-08-05 02:33:37', 'POS 100', 1, -1.000),
	(187, 1, 1, '2020-08-05 02:34:27', 'POS 101', 1, -1.000),
	(188, 1, 1, '2020-08-05 02:34:49', 'POS 102', 1, -1.000),
	(189, 1, 1, '2020-08-05 02:35:08', 'POS 103', 1, -1.000),
	(190, 1, 1, '2020-08-05 02:36:30', 'POS 104', 1, -1.000),
	(191, 1, 1, '2020-08-05 02:37:16', 'POS 105', 1, -1.000),
	(192, 1, 1, '2020-08-05 02:39:00', 'POS 106', 1, -1.000),
	(193, 1, 1, '2020-08-05 02:49:10', 'POS 107', 1, -1.000),
	(194, 1, 1, '2020-08-05 02:49:22', 'POS 108', 1, -1.000),
	(195, 1, 1, '2020-08-05 02:49:48', 'POS 109', 1, -1.000),
	(196, 1, 1, '2020-08-05 02:49:55', 'POS 110', 1, -1.000),
	(197, 1, 1, '2020-08-05 02:52:11', 'POS 111', 1, -1.000),
	(198, 1, 1, '2020-08-05 02:52:21', 'POS 112', 1, -1.000),
	(199, 22, 1, '2020-08-05 02:57:42', 'Edición Manual de Cantidad', 1, 0.000),
	(200, 1, 1, '2020-08-05 07:26:16', 'POS 113', 1, -1.000),
	(201, 1, 1, '2020-08-05 07:26:44', 'POS 114', 1, -1.000),
	(202, 1, 1, '2020-08-05 07:27:03', 'POS 115', 1, -1.000),
	(203, 1, 1, '2020-08-05 07:27:31', 'POS 116', 1, -1.000),
	(204, 1, 1, '2020-08-05 07:28:33', 'Deleting sale 100', 1, 1.000),
	(205, 1, 1, '2020-08-05 07:28:33', 'Deleting sale 101', 1, 1.000),
	(206, 1, 1, '2020-08-05 07:28:33', 'Deleting sale 102', 1, 1.000),
	(207, 1, 1, '2020-08-05 07:28:33', 'Deleting sale 103', 1, 1.000),
	(208, 1, 1, '2020-08-05 07:28:33', 'Deleting sale 104', 1, 1.000),
	(209, 1, 1, '2020-08-05 07:28:33', 'Deleting sale 105', 1, 1.000),
	(210, 1, 1, '2020-08-05 07:28:33', 'Deleting sale 106', 1, 1.000),
	(211, 1, 1, '2020-08-05 07:28:33', 'Deleting sale 107', 1, 1.000),
	(212, 1, 1, '2020-08-05 07:28:33', 'Deleting sale 108', 1, 1.000),
	(213, 1, 1, '2020-08-05 07:28:33', 'Deleting sale 109', 1, 1.000),
	(214, 1, 1, '2020-08-05 07:28:33', 'Deleting sale 110', 1, 1.000),
	(215, 1, 1, '2020-08-05 07:28:33', 'Deleting sale 111', 1, 1.000),
	(216, 1, 1, '2020-08-05 07:28:33', 'Deleting sale 112', 1, 1.000),
	(217, 1, 1, '2020-08-05 07:28:33', 'Deleting sale 113', 1, 1.000),
	(218, 1, 1, '2020-08-05 07:28:33', 'Deleting sale 114', 1, 1.000),
	(219, 1, 1, '2020-08-05 07:28:33', 'Deleting sale 115', 1, 1.000),
	(220, 1, 1, '2020-08-05 07:28:33', 'Deleting sale 116', 1, 1.000),
	(221, 1, 1, '2020-08-05 07:30:16', 'POS 117', 1, -1.000),
	(222, 1, 1, '2020-08-06 06:03:30', 'POS 118', 1, -1.000),
	(223, 1, 1, '2020-08-06 06:09:01', 'POS 119', 1, -1.000),
	(224, 22, 1, '2020-08-06 06:21:18', 'POS 120', 1, -1.000),
	(225, 22, 1, '2020-08-06 06:24:08', 'POS 121', 1, -1.000),
	(226, 22, 1, '2020-08-06 06:27:17', 'POS 122', 1, -1.000),
	(227, 22, 1, '2020-08-06 07:20:39', 'POS 123', 1, -1.000),
	(228, 22, 1, '2020-08-06 07:27:10', 'POS 124', 1, -1.000),
	(229, 22, 1, '2020-08-06 07:30:46', 'POS 125', 1, -1.000),
	(230, 23, 1, '2020-08-06 07:31:56', 'Edición Manual de Cantidad', 1, 0.000),
	(231, 22, 1, '2020-08-06 07:32:11', 'POS 126', 1, -1.000),
	(232, 23, 1, '2020-08-06 07:32:11', 'POS 126', 1, -1.000),
	(233, 24, 1, '2020-08-06 07:34:23', 'Edición Manual de Cantidad', 1, 0.000),
	(234, 25, 1, '2020-08-06 07:35:07', 'Edición Manual de Cantidad', 1, 0.000),
	(235, 25, 1, '2020-08-06 07:35:19', 'POS 127', 1, -1.000),
	(236, 25, 1, '2020-08-06 07:43:14', 'POS 128', 1, -1.000),
	(237, 5, 1, '2020-08-06 07:43:14', 'POS 128', 1, -2.000),
	(238, 3, 1, '2020-08-06 07:43:14', 'POS 128', 1, -2.000),
	(239, 9, 1, '2020-08-06 07:43:14', 'POS 128', 1, -1.000),
	(240, 11, 1, '2020-08-06 07:43:14', 'POS 128', 1, -1.000),
	(241, 12, 1, '2020-08-06 07:43:14', 'POS 128', 1, -1.000),
	(242, 25, 1, '2020-08-06 07:45:05', 'POS 129', 1, -2.000),
	(243, 3, 1, '2020-08-06 07:45:05', 'POS 129', 1, -1.000),
	(244, 22, 1, '2020-08-06 07:45:05', 'POS 129', 1, -1.000),
	(245, 5, 1, '2020-08-06 07:45:05', 'POS 129', 1, -1.000),
	(246, 4, 1, '2020-08-06 07:45:05', 'POS 129', 1, -1.000),
	(247, 2, 1, '2020-08-06 07:45:05', 'POS 129', 1, -1.000),
	(248, 7, 1, '2020-08-06 07:45:05', 'POS 129', 1, -1.000),
	(249, 8, 1, '2020-08-06 07:45:05', 'POS 129', 1, -1.000),
	(250, 9, 1, '2020-08-06 07:45:05', 'POS 129', 1, -1.000),
	(251, 10, 1, '2020-08-06 07:45:05', 'POS 129', 1, -1.000),
	(252, 11, 1, '2020-08-06 07:45:05', 'POS 129', 1, -1.000),
	(253, 12, 1, '2020-08-06 07:45:05', 'POS 129', 1, -1.000),
	(254, 13, 1, '2020-08-06 07:45:05', 'POS 129', 1, -1.000),
	(255, 14, 1, '2020-08-06 07:45:05', 'POS 129', 1, -1.000),
	(256, 15, 1, '2020-08-06 07:45:05', 'POS 129', 1, -1.000),
	(257, 16, 1, '2020-08-06 07:45:05', 'POS 129', 1, -1.000),
	(258, 17, 1, '2020-08-06 07:45:05', 'POS 129', 1, -1.000),
	(259, 18, 1, '2020-08-06 07:45:05', 'POS 129', 1, -1.000),
	(260, 25, 1, '2020-08-06 07:47:06', 'POS 130', 1, -2.000),
	(261, 3, 1, '2020-08-06 07:47:06', 'POS 130', 1, -1.000),
	(262, 22, 1, '2020-08-06 07:47:06', 'POS 130', 1, -1.000),
	(263, 23, 1, '2020-08-06 07:47:06', 'POS 130', 1, -2.000),
	(264, 5, 1, '2020-08-06 07:47:06', 'POS 130', 1, -2.000),
	(265, 4, 1, '2020-08-06 07:47:06', 'POS 130', 1, -1.000),
	(266, 2, 1, '2020-08-06 07:47:06', 'POS 130', 1, -1.000),
	(267, 7, 1, '2020-08-06 07:47:06', 'POS 130', 1, -1.000),
	(268, 8, 1, '2020-08-06 07:47:06', 'POS 130', 1, -1.000),
	(269, 11, 1, '2020-08-06 07:47:06', 'POS 130', 1, -2.000),
	(270, 9, 1, '2020-08-06 07:47:06', 'POS 130', 1, -1.000),
	(271, 10, 1, '2020-08-06 07:47:06', 'POS 130', 1, -1.000),
	(272, 12, 1, '2020-08-06 07:47:06', 'POS 130', 1, -1.000),
	(273, 13, 1, '2020-08-06 07:47:06', 'POS 130', 1, -1.000),
	(274, 14, 1, '2020-08-06 07:47:06', 'POS 130', 1, -1.000),
	(275, 20, 1, '2020-08-06 07:47:06', 'POS 130', 1, -1.000),
	(276, 21, 1, '2020-08-06 07:47:06', 'POS 130', 1, -1.000),
	(277, 25, 1, '2020-08-06 07:50:23', 'POS 131', 1, -3.000),
	(278, 3, 1, '2020-08-06 07:50:23', 'POS 131', 1, -3.000),
	(279, 4, 1, '2020-08-06 07:50:23', 'POS 131', 1, -2.000),
	(280, 22, 1, '2020-08-06 07:50:23', 'POS 131', 1, -2.000),
	(281, 7, 1, '2020-08-06 07:50:23', 'POS 131', 1, -1.000),
	(282, 8, 1, '2020-08-06 07:50:23', 'POS 131', 1, -1.000),
	(283, 9, 1, '2020-08-06 07:50:23', 'POS 131', 1, -1.000),
	(284, 12, 1, '2020-08-06 07:50:23', 'POS 131', 1, -1.000),
	(285, 13, 1, '2020-08-06 07:50:23', 'POS 131', 1, -1.000),
	(286, 14, 1, '2020-08-06 07:50:23', 'POS 131', 1, -1.000),
	(287, 15, 1, '2020-08-06 07:50:23', 'POS 131', 1, -1.000),
	(288, 16, 1, '2020-08-06 07:50:23', 'POS 131', 1, -1.000),
	(289, 18, 1, '2020-08-06 07:50:23', 'POS 131', 1, -1.000),
	(290, 19, 1, '2020-08-06 07:50:23', 'POS 131', 1, -1.000),
	(291, 20, 1, '2020-08-06 07:50:23', 'POS 131', 1, -1.000),
	(292, 21, 1, '2020-08-06 07:50:23', 'POS 131', 1, -1.000),
	(293, 23, 1, '2020-08-06 07:50:23', 'POS 131', 1, -1.000),
	(294, 5, 1, '2020-08-06 07:50:23', 'POS 131', 1, -2.000),
	(295, 2, 1, '2020-08-06 07:50:23', 'POS 131', 1, -1.000),
	(296, 1, 1, '2020-08-06 07:50:23', 'POS 131', 1, -1.000),
	(297, 1, 1, '2020-08-07 05:20:33', 'POS 132', 1, -1.000),
	(298, 1, 1, '2020-08-07 05:40:27', 'POS 133', 1, -2.000),
	(299, 5, 1, '2020-08-07 05:40:27', 'POS 133', 1, -1.000),
	(300, 4, 1, '2020-08-07 05:40:27', 'POS 133', 1, -1.000),
	(301, 2, 1, '2020-08-07 05:40:27', 'POS 133', 1, -1.000),
	(302, 7, 1, '2020-08-07 05:40:27', 'POS 133', 1, -1.000),
	(303, 8, 1, '2020-08-07 05:40:27', 'POS 133', 1, -1.000),
	(304, 9, 1, '2020-08-07 05:40:27', 'POS 133', 1, -1.000),
	(305, 10, 1, '2020-08-07 05:40:27', 'POS 133', 1, -1.000),
	(306, 11, 1, '2020-08-07 05:40:27', 'POS 133', 1, -1.000),
	(307, 25, 1, '2020-08-07 05:40:27', 'POS 133', 1, -1.000),
	(308, 12, 1, '2020-08-07 05:40:27', 'POS 133', 1, -1.000),
	(309, 13, 1, '2020-08-07 05:40:27', 'POS 133', 1, -1.000),
	(310, 14, 1, '2020-08-07 05:40:27', 'POS 133', 1, -1.000),
	(311, 15, 1, '2020-08-07 05:40:27', 'POS 133', 1, -1.000),
	(312, 16, 1, '2020-08-07 05:40:27', 'POS 133', 1, -1.000),
	(313, 17, 1, '2020-08-07 05:40:27', 'POS 133', 1, -1.000),
	(314, 18, 1, '2020-08-07 05:40:27', 'POS 133', 1, -1.000),
	(315, 19, 1, '2020-08-07 05:40:27', 'POS 133', 1, -1.000),
	(316, 20, 1, '2020-08-07 05:40:27', 'POS 133', 1, -1.000),
	(317, 21, 1, '2020-08-07 05:40:27', 'POS 133', 1, -1.000),
	(318, 1, 1, '2020-08-07 05:45:22', 'POS 134', 1, -1.000),
	(319, 22, 1, '2020-08-07 08:38:58', 'POS 135', 1, -1.000),
	(320, 22, 1, '2020-08-07 08:53:17', 'POS 136', 1, -1.000),
	(321, 23, 1, '2020-08-07 08:53:39', 'POS 137', 1, -1.000),
	(322, 22, 1, '2020-08-07 08:55:25', 'POS 138', 1, -1.000),
	(323, 22, 1, '2020-08-07 09:03:10', 'POS 139', 1, -1.000),
	(324, 22, 1, '2020-08-07 14:17:02', 'POS 140', 1, -1.000),
	(325, 1, 1, '2020-08-07 13:25:53', 'Eliminado', 1, -1410.000),
	(326, 2, 1, '2020-08-07 13:25:53', 'Eliminado', 1, -61.000),
	(327, 3, 1, '2020-08-07 13:25:53', 'Eliminado', 1, -9986.000),
	(328, 26, 1, '2020-08-07 14:28:02', 'Edición Manual de Cantidad', 1, 0.000),
	(329, 26, 1, '2020-08-07 14:38:27', 'Edición Manual de Cantidad', 1, 9999.000),
	(330, 27, 1, '2020-08-07 15:06:56', 'Edición Manual de Cantidad', 1, 0.000),
	(331, 27, 1, '2020-08-07 15:07:09', 'POS 141', 1, -1.000),
	(332, 26, 1, '2020-08-07 15:12:59', 'POS 142', 1, -1.000),
	(333, 26, 1, '2020-08-07 19:56:08', 'POS 143', 1, -1.000),
	(334, 28, 1, '2020-08-26 02:04:59', 'Edición Manual de Cantidad', 1, 0.000),
	(335, 29, 1, '2020-08-26 02:06:47', 'Edición Manual de Cantidad', 1, 0.000),
	(336, 30, 1, '2020-08-26 02:08:19', 'Edición Manual de Cantidad', 1, 0.000),
	(337, 31, 1, '2020-08-26 02:08:50', 'Edición Manual de Cantidad', 1, 0.000),
	(338, 32, 1, '2020-08-26 02:09:37', 'Edición Manual de Cantidad', 1, 0.000),
	(339, 31, 1, '2020-08-26 02:11:39', 'POS 144', 1, -10.000),
	(340, 30, 1, '2020-08-26 02:21:06', 'POS 145', 1, -1.000),
	(341, 33, 1, '2020-08-26 02:26:57', 'Edición Manual de Cantidad', 1, 0.000),
	(342, 34, 1, '2020-08-26 02:28:23', 'Edición Manual de Cantidad', 1, 0.000),
	(343, 35, 1, '2020-08-26 02:30:19', 'Edición Manual de Cantidad', 1, 0.000),
	(344, 36, 1, '2020-08-26 02:32:03', 'Edición Manual de Cantidad', 1, 0.000),
	(345, 37, 1, '2020-08-26 02:34:48', 'Edición Manual de Cantidad', 1, 0.000),
	(346, 37, 1, '2020-08-26 12:38:10', 'POS 146', 1, -1.000),
	(347, 36, 1, '2020-08-26 12:38:10', 'POS 146', 1, -1.000),
	(348, 35, 1, '2020-08-26 12:38:10', 'POS 146', 1, -1.000),
	(349, 34, 1, '2020-08-26 12:38:10', 'POS 146', 1, -1.000),
	(350, 33, 1, '2020-08-26 12:38:10', 'POS 146', 1, -1.000),
	(351, 32, 1, '2020-08-26 12:38:10', 'POS 146', 1, -1.000),
	(352, 38, 1, '2020-09-07 18:59:37', 'Edición Manual de Cantidad', 1, 0.000),
	(353, 26, 1, '2020-09-07 19:00:25', 'POS 147', 1, -1.000),
	(354, 38, 1, '2020-09-07 19:00:26', 'POS 147', 1, -1.000),
	(355, 27, 1, '2020-09-09 16:25:32', 'POS 148', 1, -1.000),
	(356, 27, 1, '2020-09-10 12:49:44', 'POS 149', 1, -1.000),
	(357, 39, 1, '2020-09-11 12:45:19', 'Edición Manual de Cantidad', 1, 0.000),
	(358, 40, 1, '2020-09-11 12:45:43', 'Edición Manual de Cantidad', 1, 0.000),
	(359, 39, 1, '2020-09-11 12:48:03', 'POS 150', 1, -2.000),
	(360, 40, 1, '2020-09-11 12:48:03', 'POS 150', 1, -2.000),
	(361, 41, 1, '2020-10-01 11:26:25', 'Edición Manual de Cantidad', 1, 0.000),
	(362, 42, 1, '2020-10-01 11:28:02', 'Edición Manual de Cantidad', 1, 0.000),
	(363, 43, 1, '2020-10-01 11:29:00', 'Edición Manual de Cantidad', 1, 0.000),
	(364, 44, 1, '2020-10-01 11:29:49', 'Edición Manual de Cantidad', 1, 0.000),
	(365, 45, 1, '2020-10-01 11:30:31', 'Edición Manual de Cantidad', 1, 0.000),
	(366, 41, 1, '2020-10-01 11:32:13', 'POS 151', 1, -1.000),
	(367, 42, 1, '2020-10-01 11:32:13', 'POS 151', 1, -1.000),
	(368, 43, 1, '2020-10-01 11:32:13', 'POS 151', 1, -1.000),
	(369, 44, 1, '2020-10-01 11:32:13', 'POS 151', 1, -1.000),
	(370, 45, 1, '2020-10-01 11:32:13', 'POS 151', 1, -1.000),
	(371, 41, 1, '2020-10-01 21:02:03', 'POS 152', 1, -1.000),
	(372, 42, 1, '2020-10-01 21:02:03', 'POS 152', 1, -1.000),
	(373, 43, 1, '2020-10-01 21:02:03', 'POS 152', 1, -1.000),
	(374, 44, 1, '2020-10-01 21:02:03', 'POS 152', 1, -1.000),
	(375, 45, 1, '2020-10-01 21:02:03', 'POS 152', 1, -1.000),
	(376, 41, 1, '2020-10-01 21:05:21', 'POS 153', 1, -1.000),
	(377, 42, 1, '2020-10-01 21:05:21', 'POS 153', 1, -1.000),
	(378, 43, 1, '2020-10-01 21:05:21', 'POS 153', 1, -1.000),
	(379, 44, 1, '2020-10-01 21:05:21', 'POS 153', 1, -1.000),
	(380, 45, 1, '2020-10-01 21:05:21', 'POS 153', 1, -1.000),
	(381, 46, 1, '2020-10-08 15:32:45', 'Edición Manual de Cantidad', 1, 1.000),
	(382, 46, 1, '2020-10-08 15:33:03', 'POS 154', 1, -1.000),
	(383, 26, 1, '2020-10-08 15:35:27', 'POS 155', 1, -1.000),
	(384, 47, 1, '2020-10-23 17:00:20', 'Edición Manual de Cantidad', 1, 0.000),
	(385, 47, 1, '2020-10-23 17:00:42', 'POS 156', 1, -2.000),
	(386, 48, 1, '2020-11-13 12:35:10', 'Edición Manual de Cantidad', 1, 0.000),
	(387, 49, 1, '2020-11-13 12:35:47', 'Edición Manual de Cantidad', 1, 0.000),
	(388, 48, 1, '2020-11-13 12:36:27', 'POS 157', 1, -1.000),
	(389, 49, 1, '2020-11-13 12:36:27', 'POS 157', 1, -1.000),
	(390, 26, 1, '2020-11-17 13:16:15', 'POS 158', 1, -1.000),
	(391, 50, 1, '2020-11-20 16:00:41', 'Edición Manual de Cantidad', 1, 0.000),
	(392, 51, 1, '2020-11-20 16:01:50', 'Edición Manual de Cantidad', 1, 0.000),
	(393, 52, 1, '2020-11-20 16:02:53', 'Edición Manual de Cantidad', 1, 0.000),
	(394, 52, 1, '2020-11-20 16:04:06', 'POS 159', 1, -2.000),
	(395, 50, 1, '2020-11-20 16:04:06', 'POS 159', 1, -1.000),
	(396, 51, 1, '2020-11-20 16:04:06', 'POS 159', 1, -1.000),
	(397, 53, 1, '2020-11-23 22:59:49', 'Edición Manual de Cantidad', 1, 0.000),
	(398, 54, 1, '2020-11-25 13:08:57', 'Edición Manual de Cantidad', 1, 0.000),
	(399, 54, 1, '2020-11-25 13:11:20', 'POS 160', 1, -2.000),
	(400, 54, 1, '2020-11-25 13:20:37', 'POS 161', 1, -2.000),
	(401, 26, 1, '2020-12-19 19:04:02', 'POS 162', 1, -1.000),
	(402, 55, 1, '2020-12-19 19:04:51', 'Edición Manual de Cantidad', 1, 0.000),
	(403, 56, 1, '2020-12-19 19:06:01', 'Edición Manual de Cantidad', 1, 0.000),
	(404, 56, 1, '2020-12-19 19:07:50', 'POS 163', 1, -1.000),
	(405, 51, 1, '2020-12-19 19:07:50', 'POS 163', 1, -1.000),
	(406, 55, 1, '2020-12-19 19:07:50', 'POS 163', 1, -1.000),
	(407, 57, 1, '2021-02-04 20:31:16', 'Edición Manual de Cantidad', 1, 0.000),
	(408, 58, 1, '2021-02-04 20:32:12', 'Edición Manual de Cantidad', 1, 0.000),
	(409, 59, 1, '2021-02-04 20:33:48', 'Edición Manual de Cantidad', 1, 0.000),
	(410, 60, 1, '2021-02-04 20:37:40', 'Edición Manual de Cantidad', 1, 0.000),
	(411, 61, 1, '2021-02-04 20:38:16', 'Edición Manual de Cantidad', 1, 0.000),
	(412, 61, 1, '2021-02-04 20:47:46', 'POS 164', 1, -1.000),
	(413, 60, 1, '2021-02-04 20:47:46', 'POS 164', 1, -1.000),
	(414, 59, 1, '2021-02-04 20:47:46', 'POS 164', 1, -1.000),
	(415, 58, 1, '2021-02-04 20:47:46', 'POS 164', 1, -1.000),
	(416, 26, 1, '2021-02-04 20:48:38', 'POS 165', 1, -1.000),
	(417, 62, 1, '2021-02-08 03:03:31', 'Edición Manual de Cantidad', 1, 0.000),
	(418, 63, 1, '2021-02-08 03:05:21', 'Edición Manual de Cantidad', 1, 0.000),
	(419, 64, 1, '2021-02-08 03:07:19', 'Edición Manual de Cantidad', 1, 0.000),
	(420, 65, 1, '2021-02-08 03:10:16', 'Edición Manual de Cantidad', 1, 0.000),
	(421, 66, 1, '2021-02-08 03:11:46', 'Edición Manual de Cantidad', 1, 0.000),
	(422, 62, 1, '2021-02-08 03:14:41', 'POS 166', 1, -2.000),
	(423, 63, 1, '2021-02-08 03:14:41', 'POS 166', 1, -2.000),
	(424, 42, 1, '2021-02-08 03:14:41', 'POS 166', 1, -3.000),
	(425, 64, 1, '2021-02-08 03:14:41', 'POS 166', 1, -1.000),
	(426, 65, 1, '2021-02-08 03:14:41', 'POS 166', 1, -1.000),
	(427, 66, 1, '2021-02-08 03:14:41', 'POS 166', 1, -1.000),
	(428, 67, 1, '2021-03-04 13:49:17', 'Edición Manual de Cantidad', 1, 0.000),
	(429, 67, 1, '2021-03-04 13:53:05', 'POS 167', 1, -1.000),
	(430, 51, 1, '2021-03-04 13:53:05', 'POS 167', 1, -1.000),
	(431, 68, 1, '2021-03-23 18:47:59', 'Edición Manual de Cantidad', 1, 10.000),
	(432, 68, 1, '2021-03-23 18:48:20', 'POS 168', 1, -3.000),
	(433, 69, 1, '2021-03-24 11:25:46', 'Edición Manual de Cantidad', 1, 0.000),
	(434, 26, 1, '2021-03-24 11:27:02', 'POS 169', 1, -1.000),
	(435, 69, 1, '2021-03-24 11:27:02', 'POS 169', 1, -2.000),
	(436, 48, 1, '2021-03-24 11:27:03', 'POS 169', 1, -1.000),
	(437, 70, 1, '2021-05-15 12:37:26', 'Edición Manual de Cantidad', 1, 2.000),
	(438, 71, 1, '2021-05-15 12:38:17', 'Edición Manual de Cantidad', 1, 0.000),
	(439, 70, 1, '2021-05-15 12:39:02', 'POS 170', 1, -2.000),
	(440, 71, 1, '2021-05-15 12:39:02', 'POS 170', 1, -1.000),
	(441, 72, 1, '2021-05-15 12:45:28', 'Edición Manual de Cantidad', 1, 0.000),
	(442, 73, 1, '2021-05-15 12:47:00', 'Edición Manual de Cantidad', 1, 0.000),
	(443, 26, 1, '2021-05-15 12:51:48', 'POS 171', 1, -1.000),
	(444, 72, 1, '2021-05-15 12:51:48', 'POS 171', 1, -1.000),
	(445, 73, 1, '2021-05-15 12:51:48', 'POS 171', 1, -1.000),
	(446, 63, 1, '2021-05-15 12:51:48', 'POS 171', 1, -2.000),
	(447, 74, 1, '2021-05-17 12:21:39', 'Edición Manual de Cantidad', 1, 0.000),
	(448, 75, 1, '2021-05-17 12:21:39', 'Edición Manual de Cantidad', 1, 0.000),
	(449, 76, 1, '2021-05-17 12:21:41', 'Edición Manual de Cantidad', 1, 0.000),
	(450, 77, 1, '2021-05-17 12:27:54', 'Edición Manual de Cantidad', 1, 0.000),
	(451, 78, 1, '2021-05-17 12:33:10', 'Edición Manual de Cantidad', 1, 0.000),
	(452, 79, 1, '2021-05-17 12:37:27', 'Edición Manual de Cantidad', 1, 0.000),
	(453, 80, 1, '2021-05-17 12:39:56', 'Edición Manual de Cantidad', 1, 0.000),
	(454, 81, 1, '2021-05-17 12:40:43', 'Edición Manual de Cantidad', 1, 0.000),
	(455, 74, 1, '2021-05-17 12:45:10', 'POS 172', 1, -1.000),
	(456, 72, 1, '2021-05-17 12:45:11', 'POS 172', 1, -1.000),
	(457, 78, 1, '2021-05-17 12:45:11', 'POS 172', 1, -2.000),
	(458, 79, 1, '2021-05-17 12:45:11', 'POS 172', 1, -4.000),
	(459, 81, 1, '2021-05-17 12:45:11', 'POS 172', 1, -1.000),
	(460, 80, 1, '2021-05-17 12:45:11', 'POS 172', 1, -1.000),
	(461, 27, 1, '2021-05-22 20:14:46', 'POS 176', 1, -1.000),
	(462, 82, 1, '2021-05-25 14:56:33', 'Edición Manual de Cantidad', 1, 0.000),
	(463, 82, 1, '2021-05-25 14:58:43', 'POS 177', 1, -1.000),
	(464, 82, 1, '2021-05-25 15:06:33', 'POS 178', 1, -1.000),
	(465, 49, 1, '2021-05-31 16:18:32', 'POS 179', 1, -1.000),
	(466, 48, 1, '2021-05-31 16:18:32', 'POS 179', 1, -1.000),
	(467, 33, 1, '2021-06-01 09:59:07', 'POS 180', 1, -2.000),
	(468, 63, 1, '2021-06-01 14:16:13', 'POS 181', 1, -1.000),
	(469, 73, 1, '2021-06-01 14:16:13', 'POS 181', 1, -1.000),
	(470, 26, 1, '2021-06-01 14:16:13', 'POS 181', 1, -1.000),
	(471, 30, 1, '2021-06-05 11:25:47', 'Edición Manual de Cantidad', 1, 1.000),
	(472, 27, 1, '2021-06-05 11:27:31', 'Edición Manual de Cantidad', 1, 4.000),
	(473, 48, 1, '2021-06-13 13:45:22', 'POS 182', 1, -1.000),
	(474, 49, 1, '2021-06-13 13:45:22', 'POS 182', 1, -1.000),
	(475, 83, 1, '2021-06-16 12:21:45', 'Edición Manual de Cantidad', 1, 0.000),
	(476, 84, 1, '2021-06-16 12:22:24', 'Edición Manual de Cantidad', 1, 0.000),
	(477, 83, 1, '2021-06-16 12:22:51', 'POS 183', 1, -1.000),
	(478, 84, 1, '2021-06-16 12:22:51', 'POS 183', 1, -1.000),
	(479, 48, 1, '2021-06-17 22:58:05', 'POS 186', 1, -1.000),
	(480, 85, 1, '2021-06-18 13:59:01', 'Edición Manual de Cantidad', 1, 0.000),
	(481, 85, 1, '2021-06-18 13:59:29', 'POS 188', 1, -1.000),
	(482, 85, 1, '2021-06-18 14:06:32', 'POS 189', 1, -1.000),
	(483, 36, 1, '2021-06-22 17:15:36', 'RECV 1', 1, 100.000),
	(484, 36, 1, '2021-06-22 17:21:02', 'POS 190', 1, -100.000),
	(485, 86, 1, '2021-06-22 17:34:31', 'Edición Manual de Cantidad', 1, 10.000),
	(486, 86, 1, '2021-06-22 17:45:50', 'RECV 2', 1, 10.000),
	(487, 86, 1, '2021-06-22 17:46:11', 'RECV 3', 1, 10.000),
	(488, 36, 1, '2021-06-22 22:46:02', 'Deleting sale 190', 1, 100.000),
	(489, 87, 1, '2021-07-19 11:48:44', 'Edición Manual de Cantidad', 1, 0.000),
	(490, 88, 1, '2021-07-19 11:49:27', 'Edición Manual de Cantidad', 1, 0.000),
	(491, 26, 1, '2021-07-19 11:52:57', 'POS 192', 1, -1.000),
	(492, 88, 1, '2021-07-19 11:52:57', 'POS 192', 1, -1.000),
	(493, 87, 1, '2021-07-19 11:52:57', 'POS 192', 1, -1.000),
	(494, 89, 1, '2021-08-06 16:54:13', 'Edición Manual de Cantidad', 1, 0.000),
	(495, 89, 1, '2021-08-06 16:54:26', 'POS 193', 1, -1.000),
	(496, 59, 1, '2021-08-14 16:25:59', 'POS 194', 1, -1.000),
	(497, 26, 1, '2021-08-29 22:55:01', 'POS 195', 1, -1.000),
	(498, 90, 1, '2021-08-29 22:57:30', 'Edición Manual de Cantidad', 1, 0.000),
	(499, 91, 1, '2021-08-29 22:59:27', 'Edición Manual de Cantidad', 1, 0.000),
	(500, 92, 1, '2021-08-29 23:04:09', 'Edición Manual de Cantidad', 1, 0.000),
	(501, 90, 1, '2021-08-29 23:05:03', 'POS 196', 1, -2.000),
	(502, 72, 1, '2021-08-29 23:05:03', 'POS 196', 1, -1.000),
	(503, 63, 1, '2021-08-29 23:05:03', 'POS 196', 1, -1.000),
	(504, 91, 1, '2021-08-29 23:05:03', 'POS 196', 1, -1.000),
	(505, 92, 1, '2021-08-29 23:05:03', 'POS 196', 1, -1.000),
	(506, 26, 1, '2021-09-01 11:20:50', 'POS 197', 1, -1.000),
	(507, 90, 1, '2021-09-01 11:23:19', 'POS 198', 1, -2.000),
	(508, 72, 1, '2021-09-01 11:23:19', 'POS 198', 1, -1.000),
	(509, 63, 1, '2021-09-01 11:23:19', 'POS 198', 1, -1.000),
	(510, 91, 1, '2021-09-01 11:23:19', 'POS 198', 1, -1.000),
	(511, 93, 1, '2021-10-06 13:20:48', 'Edición Manual de Cantidad', 1, 0.000),
	(512, 26, 1, '2021-10-06 13:35:29', 'POS 199', 1, -1.000),
	(513, 51, 1, '2021-10-06 13:35:29', 'POS 199', 1, -1.000),
	(514, 93, 1, '2021-10-06 13:35:29', 'POS 199', 1, -1.000),
	(515, 94, 1, '2021-11-12 16:08:57', 'Edición Manual de Cantidad', 1, 0.000),
	(516, 95, 1, '2021-11-12 16:10:23', 'Edición Manual de Cantidad', 1, 0.000),
	(517, 96, 1, '2021-11-12 16:10:54', 'Edición Manual de Cantidad', 1, 0.000),
	(518, 95, 1, '2021-11-12 16:12:44', 'POS 200', 1, -1.000),
	(519, 94, 1, '2021-11-12 16:12:44', 'POS 200', 1, -2.000),
	(520, 96, 1, '2021-11-12 16:12:44', 'POS 200', 1, -1.000),
	(521, 92, 1, '2021-11-12 16:12:44', 'POS 200', 1, -1.000),
	(522, 94, 1, '2021-11-12 16:24:39', 'POS 201', 1, -2.000),
	(523, 96, 1, '2021-11-12 16:24:39', 'POS 201', 1, -1.000),
	(524, 95, 1, '2021-11-12 16:24:39', 'POS 201', 1, -1.000),
	(525, 92, 1, '2021-11-12 16:24:40', 'POS 201', 1, -1.000),
	(526, 97, 1, '2021-11-13 13:11:52', 'Edición Manual de Cantidad', 1, 0.000),
	(527, 97, 1, '2021-11-13 13:12:15', 'POS 202', 1, -1.000),
	(528, 26, 1, '2021-11-13 21:18:24', 'POS 203', 1, -1.000),
	(529, 98, 1, '2021-11-19 14:11:23', 'Edición Manual de Cantidad', 1, 0.000),
	(530, 98, 1, '2021-11-19 14:12:03', 'POS 204', 1, -1.000),
	(531, 92, 1, '2021-11-19 14:12:03', 'POS 204', 1, -1.000),
	(532, 99, 1, '2021-12-02 09:54:50', 'Edición Manual de Cantidad', 1, 0.000),
	(533, 99, 1, '2021-12-02 09:57:45', 'POS 205', 1, -1.000),
	(534, 99, 1, '2021-12-02 10:03:32', 'POS 206', 1, -1.000),
	(535, 26, 1, '2021-12-07 15:12:28', 'POS 207', 1, -1.000),
	(536, 100, 1, '2021-12-07 15:15:20', 'Edición Manual de Cantidad', 1, 0.000),
	(537, 101, 1, '2021-12-07 15:15:55', 'Edición Manual de Cantidad', 1, 0.000),
	(538, 42, 1, '2021-12-07 15:17:03', 'POS 208', 1, -1.000),
	(539, 81, 1, '2021-12-07 15:17:03', 'POS 208', 1, -1.000),
	(540, 101, 1, '2021-12-07 15:17:03', 'POS 208', 1, -1.000),
	(541, 100, 1, '2021-12-07 15:17:03', 'POS 208', 1, -1.000),
	(542, 42, 1, '2021-12-07 16:22:32', 'POS 209', 1, -1.000),
	(543, 81, 1, '2021-12-07 16:22:32', 'POS 209', 1, -1.000),
	(544, 101, 1, '2021-12-07 16:22:32', 'POS 209', 1, -1.000),
	(545, 100, 1, '2021-12-07 16:22:32', 'POS 209', 1, -1.000),
	(546, 49, 1, '2021-12-23 20:28:06', 'POS 210', 1, -2.000),
	(547, 92, 1, '2021-12-23 20:28:06', 'POS 210', 1, -1.000),
	(548, 27, 1, '2022-01-06 22:15:44', 'POS 211', 1, -1.000),
	(549, 102, 1, '2022-02-05 15:18:24', 'Edición Manual de Cantidad', 1, 0.000),
	(550, 62, 1, '2022-02-05 15:18:51', 'POS 212', 1, -1.000),
	(551, 26, 1, '2022-02-05 15:18:51', 'POS 212', 1, -1.000),
	(552, 102, 1, '2022-02-05 15:18:51', 'POS 212', 1, -1.000),
	(553, 58, 1, '2022-02-10 00:33:12', 'POS 213', 1, -1.000),
	(554, 73, 1, '2022-02-16 10:28:59', 'POS 214', 1, -1.000),
	(555, 103, 1, '2022-03-07 11:08:28', 'Edición Manual de Cantidad', 1, 0.000),
	(556, 104, 1, '2022-03-07 11:36:31', 'Edición Manual de Cantidad', 1, 0.000),
	(557, 105, 1, '2022-03-07 11:39:56', 'Edición Manual de Cantidad', 1, 0.000),
	(558, 106, 1, '2022-03-07 11:40:53', 'Edición Manual de Cantidad', 1, 0.000),
	(559, 107, 1, '2022-03-07 11:41:30', 'Edición Manual de Cantidad', 1, 0.000),
	(560, 108, 1, '2022-03-07 11:42:12', 'Edición Manual de Cantidad', 1, 0.000),
	(561, 103, 1, '2022-03-07 11:45:41', 'POS 215', 1, -1.000),
	(562, 104, 1, '2022-03-07 11:45:41', 'POS 215', 1, -6.000),
	(563, 105, 1, '2022-03-07 11:45:41', 'POS 215', 1, -1.000),
	(564, 107, 1, '2022-03-07 11:45:41', 'POS 215', 1, -1.000),
	(565, 106, 1, '2022-03-07 11:45:41', 'POS 215', 1, -1.000),
	(566, 108, 1, '2022-03-07 11:45:41', 'POS 215', 1, -1.000),
	(567, 103, 1, '2022-03-07 12:03:38', 'POS 216', 1, -1.000),
	(568, 104, 1, '2022-03-07 12:03:38', 'POS 216', 1, -6.000),
	(569, 105, 1, '2022-03-07 12:03:38', 'POS 216', 1, -1.000),
	(570, 106, 1, '2022-03-07 12:03:38', 'POS 216', 1, -1.000),
	(571, 107, 1, '2022-03-07 12:03:38', 'POS 216', 1, -1.000),
	(572, 108, 1, '2022-03-07 12:03:38', 'POS 216', 1, -1.000),
	(573, 103, 1, '2022-03-07 12:13:40', 'POS 217', 1, -1.000),
	(574, 104, 1, '2022-03-07 12:13:40', 'POS 217', 1, -6.000),
	(575, 105, 1, '2022-03-07 12:13:40', 'POS 217', 1, -1.000),
	(576, 106, 1, '2022-03-07 12:13:40', 'POS 217', 1, -1.000),
	(577, 107, 1, '2022-03-07 12:13:40', 'POS 217', 1, -1.000),
	(578, 108, 1, '2022-03-07 12:13:40', 'POS 217', 1, -1.000),
	(579, 105, 1, '2022-03-07 12:15:37', 'POS 218', 1, -1.000),
	(580, 108, 1, '2022-03-07 12:16:57', 'POS 219', 1, -1.000),
	(581, 108, 1, '2022-03-07 12:18:05', 'POS 220', 1, -1.000),
	(582, 73, 1, '2022-03-07 12:19:44', 'POS 221', 1, -1.000),
	(583, 103, 1, '2022-03-07 12:52:41', 'POS 222', 1, -1.000),
	(584, 26, 1, '2022-03-07 20:42:15', 'POS 223', 1, -1.000),
	(585, 53, 1, '2022-03-08 10:36:18', 'POS 224', 1, -1.000),
	(586, 83, 1, '2022-03-08 10:36:18', 'POS 224', 1, -1.000),
	(587, 53, 1, '2022-03-08 10:36:54', 'POS 225', 1, -1.000),
	(588, 83, 1, '2022-03-08 10:36:54', 'POS 225', 1, -1.000),
	(589, 37, 1, '2022-03-08 11:08:14', 'POS 226', 1, -1.000),
	(590, 26, 1, '2022-03-08 11:45:52', 'POS 227', 1, -1.000),
	(591, 26, 1, '2022-03-08 11:47:13', 'POS 228', 1, -1.000),
	(592, 109, 1, '2022-03-08 12:36:08', 'Edición Manual de Cantidad', 1, 0.000),
	(593, 109, 1, '2022-03-08 12:36:48', 'POS 229', 1, -1.000),
	(594, 110, 1, '2022-03-08 22:06:28', 'Edición Manual de Cantidad', 1, 0.000),
	(595, 110, 1, '2022-03-08 22:06:35', 'POS 230', 1, -1.000),
	(596, 111, 1, '2022-04-09 19:17:52', 'Edición Manual de Cantidad', 1, 0.000),
	(597, 111, 1, '2022-04-09 19:18:14', 'POS 231', 1, -1.000),
	(598, 112, 1, '2022-04-18 19:50:23', 'Edición Manual de Cantidad', 1, 0.000),
	(599, 112, 1, '2022-04-18 19:51:25', 'POS 232', 1, -1.000),
	(600, 113, 1, '2022-04-26 16:12:07', 'Edición Manual de Cantidad', 1, 0.000),
	(601, 113, 1, '2022-04-26 16:12:15', 'POS 233', 1, -1.000),
	(602, 89, 1, '2022-04-29 14:23:14', 'POS 234', 1, -1.000),
	(603, 114, 1, '2022-05-18 02:33:26', 'Edición Manual de Cantidad', 1, 0.000),
	(604, 114, 1, '2022-05-18 02:33:50', 'POS 235', 1, -1.000),
	(605, 115, 1, '2022-05-18 02:37:59', 'Edición Manual de Cantidad', 1, 0.000),
	(606, 115, 1, '2022-05-18 02:38:28', 'POS 236', 1, -1.000),
	(607, 104, 1, '2022-05-24 14:42:48', 'POS 237', 1, -1.000),
	(608, 116, 1, '2022-05-24 18:31:54', 'Edición Manual de Cantidad', 1, 0.000),
	(609, 116, 1, '2022-05-24 18:32:22', 'POS 238', 1, -1.000),
	(610, 117, 1, '2022-06-17 02:36:07', 'Edición Manual de Cantidad', 1, 0.000),
	(611, 117, 1, '2022-06-17 02:37:58', 'POS 239', 1, -1.000),
	(612, 38, 1, '2022-07-04 21:14:18', 'POS 240', 1, -1.000),
	(613, 113, 1, '2022-07-11 08:43:21', 'POS 241', 1, -1.000),
	(614, 46, 1, '2022-07-14 17:21:52', 'POS 242', 1, -1.000),
	(615, 118, 1, '2022-08-10 17:56:54', 'Edición Manual de Cantidad', 1, 0.000),
	(616, 118, 1, '2022-08-10 17:57:04', 'POS 243', 1, -1.000),
	(617, 33, 1, '2022-08-30 04:18:54', 'POS 244', 1, -1.000),
	(618, 119, 1, '2022-09-27 23:15:18', 'Edición Manual de Cantidad', 1, 0.000),
	(619, 120, 1, '2022-09-27 23:16:56', 'Edición Manual de Cantidad', 1, 0.000),
	(620, 121, 1, '2022-09-27 23:18:54', 'Edición Manual de Cantidad', 1, 0.000),
	(621, 122, 1, '2022-09-27 23:20:48', 'Edición Manual de Cantidad', 1, 0.000),
	(622, 123, 1, '2022-09-27 23:21:53', 'Edición Manual de Cantidad', 1, 0.000),
	(623, 124, 1, '2022-09-27 23:22:32', 'Edición Manual de Cantidad', 1, 0.000),
	(624, 125, 1, '2022-09-27 23:23:57', 'Edición Manual de Cantidad', 1, 0.000),
	(625, 126, 1, '2022-09-27 23:25:26', 'Edición Manual de Cantidad', 1, 0.000),
	(626, 127, 1, '2022-09-27 23:28:08', 'Edición Manual de Cantidad', 1, 0.000),
	(627, 128, 1, '2022-09-27 23:30:04', 'Edición Manual de Cantidad', 1, 0.000),
	(628, 129, 1, '2022-09-27 23:31:26', 'Edición Manual de Cantidad', 1, 0.000),
	(629, 130, 1, '2022-09-27 23:36:16', 'Edición Manual de Cantidad', 1, 0.000),
	(630, 119, 1, '2022-09-27 23:46:59', 'POS 245', 1, -4.000),
	(631, 111, 1, '2022-09-27 23:46:59', 'POS 245', 1, -1.000),
	(632, 120, 1, '2022-09-27 23:46:59', 'POS 245', 1, -1.000),
	(633, 121, 1, '2022-09-27 23:46:59', 'POS 245', 1, -4.000),
	(634, 122, 1, '2022-09-27 23:46:59', 'POS 245', 1, -1.000),
	(635, 123, 1, '2022-09-27 23:46:59', 'POS 245', 1, -1.000),
	(636, 124, 1, '2022-09-27 23:46:59', 'POS 245', 1, -2.000),
	(637, 125, 1, '2022-09-27 23:46:59', 'POS 245', 1, -1.000),
	(638, 126, 1, '2022-09-27 23:46:59', 'POS 245', 1, -1.000),
	(639, 127, 1, '2022-09-27 23:46:59', 'POS 245', 1, -3.000),
	(640, 128, 1, '2022-09-27 23:46:59', 'POS 245', 1, -1.000),
	(641, 129, 1, '2022-09-27 23:46:59', 'POS 245', 1, -1.000),
	(642, 130, 1, '2022-09-27 23:46:59', 'POS 245', 1, -1.000),
	(643, 119, 1, '2022-09-28 00:39:47', 'POS 246', 1, -5.000),
	(644, 111, 1, '2022-09-28 00:39:47', 'POS 246', 1, -1.000),
	(645, 73, 1, '2022-09-28 00:39:47', 'POS 246', 1, -1.000),
	(646, 120, 1, '2022-09-28 00:39:47', 'POS 246', 1, -1.000),
	(647, 121, 1, '2022-09-28 00:39:47', 'POS 246', 1, -4.000),
	(648, 122, 1, '2022-09-28 00:39:47', 'POS 246', 1, -1.000),
	(649, 123, 1, '2022-09-28 00:39:47', 'POS 246', 1, -1.000),
	(650, 124, 1, '2022-09-28 00:39:47', 'POS 246', 1, -2.000),
	(651, 125, 1, '2022-09-28 00:39:47', 'POS 246', 1, -1.000),
	(652, 126, 1, '2022-09-28 00:39:47', 'POS 246', 1, -1.000),
	(653, 127, 1, '2022-09-28 00:39:47', 'POS 246', 1, -3.000),
	(654, 128, 1, '2022-09-28 00:39:47', 'POS 246', 1, -1.000),
	(655, 129, 1, '2022-09-28 00:39:47', 'POS 246', 1, -1.000),
	(656, 130, 1, '2022-09-28 00:39:47', 'POS 246', 1, -1.000),
	(657, 26, 1, '2022-11-11 12:38:13', 'POS 247', 1, -1.000),
	(658, 131, 1, '2022-11-16 10:42:44', 'Edición Manual de Cantidad', 1, 0.000),
	(659, 132, 1, '2022-11-16 10:43:44', 'Edición Manual de Cantidad', 1, 0.000),
	(660, 131, 1, '2022-11-16 10:44:54', 'POS 248', 1, -1.000),
	(661, 132, 1, '2022-11-16 10:44:54', 'POS 248', 1, -1.000),
	(662, 133, 1, '2022-11-22 02:56:47', 'Edición Manual de Cantidad', 1, 0.000),
	(663, 134, 1, '2022-11-22 02:58:20', 'Edición Manual de Cantidad', 1, 0.000),
	(664, 135, 1, '2022-11-22 03:01:18', 'Edición Manual de Cantidad', 1, 0.000),
	(665, 133, 1, '2022-11-22 03:01:28', 'POS 249', 1, -1.000),
	(666, 134, 1, '2022-11-22 03:01:28', 'POS 249', 1, -1.000),
	(667, 135, 1, '2022-11-22 03:01:28', 'POS 249', 1, -1.000),
	(668, 136, 1, '2022-11-25 17:10:22', 'Edición Manual de Cantidad', 1, 0.000),
	(669, 137, 1, '2022-11-25 17:11:14', 'Edición Manual de Cantidad', 1, 0.000),
	(670, 136, 1, '2022-11-25 17:11:39', 'POS 250', 1, -1.000),
	(671, 137, 1, '2022-11-25 17:11:39', 'POS 250', 1, -1.000),
	(672, 89, 1, '2023-01-25 07:33:27', 'POS 251', 1, -1.000),
	(673, 26, 1, '2023-03-03 14:50:03', 'Eliminado', 1, -9978.000),
	(674, 36, 1, '2023-03-03 14:50:03', 'Eliminado', 1, -99.000),
	(675, 68, 1, '2023-03-03 14:50:11', 'Eliminado', 1, -7.000),
	(676, 86, 1, '2023-03-03 14:50:18', 'Eliminado', 1, -30.000),
	(677, 138, 1, '2023-03-03 14:59:43', 'Edición Manual de Cantidad', 1, 0.000),
	(678, 138, 1, '2023-03-03 14:59:52', 'POS 252', 1, -1.000),
	(679, 138, 1, '2023-03-03 15:00:25', 'POS 253', 1, -1.000),
	(680, 138, 1, '2023-03-03 15:02:11', 'POS 254', 1, -1.000),
	(681, 138, 1, '2023-03-03 15:03:39', 'POS 255', 1, -1.000),
	(682, 138, 1, '2023-03-23 17:24:37', 'POS 256', 1, -1.000),
	(683, 138, 1, '2023-03-23 17:26:55', 'POS 257', 1, -1.000),
	(684, 138, 1, '2023-03-23 17:27:24', 'POS 258', 1, -1.000),
	(685, 138, 1, '2023-03-23 17:28:00', 'POS 259', 1, -1.000),
	(686, 138, 1, '2023-03-23 17:43:54', 'POS 260', 1, -1.000),
	(687, 138, 1, '2023-03-23 17:46:32', 'POS 261', 1, -1.000),
	(688, 138, 1, '2023-03-23 17:51:42', 'POS 262', 1, -1.000),
	(689, 138, 1, '2023-03-23 17:54:18', 'POS 263', 1, -1.000),
	(690, 138, 1, '2023-03-23 17:55:32', 'POS 264', 1, -1.000),
	(691, 138, 1, '2023-03-23 17:58:42', 'POS 265', 1, -1.000),
	(692, 138, 1, '2023-03-23 17:59:21', 'POS 266', 1, -1.000),
	(693, 138, 1, '2023-03-23 18:01:56', 'POS 267', 1, -1.000),
	(694, 138, 1, '2023-03-23 18:02:40', 'POS 268', 1, -1.000),
	(695, 138, 1, '2023-03-23 18:04:23', 'POS 269', 1, -1.000),
	(696, 138, 1, '2023-03-23 18:06:17', 'POS 270', 1, -1.000),
	(697, 138, 1, '2023-03-25 15:40:18', 'POS 271', 1, -1.000),
	(698, 138, 1, '2023-03-25 15:49:08', 'POS 272', 1, -1.000),
	(699, 138, 1, '2023-03-25 18:02:21', 'POS 273', 1, -1.000),
	(700, 138, 1, '2023-03-25 18:06:38', 'POS 274', 1, -1.000),
	(701, 138, 1, '2023-03-25 18:07:22', 'POS 275', 1, -1.000),
	(702, 138, 1, '2023-03-28 15:39:24', 'POS 276', 1, -1.000),
	(703, 138, 1, '2023-03-28 15:49:24', 'POS 277', 1, -1.000),
	(704, 138, 1, '2023-03-28 15:54:36', 'POS 278', 1, -1.000),
	(705, 138, 1, '2023-03-28 15:55:13', 'POS 279', 1, -1.000),
	(706, 138, 1, '2023-03-28 15:58:28', 'POS 280', 1, -1.000),
	(707, 138, 1, '2023-03-28 16:00:15', 'POS 281', 1, -1.000),
	(708, 138, 1, '2023-03-28 16:03:56', 'POS 282', 1, -1.000),
	(709, 138, 1, '2023-03-28 16:04:27', 'POS 283', 1, -1.000),
	(710, 138, 1, '2023-03-28 16:10:00', 'POS 284', 1, -1.000),
	(711, 138, 1, '2023-03-28 16:13:20', 'POS 285', 1, -1.000),
	(712, 138, 1, '2023-03-28 16:17:21', 'POS 286', 1, -1.000),
	(713, 138, 1, '2023-03-28 16:33:02', 'POS 287', 1, -1.000),
	(714, 138, 1, '2023-03-28 16:34:21', 'POS 288', 1, -1.000);
/*!40000 ALTER TABLE `ospos_inventory` ENABLE KEYS */;


-- Volcando estructura para tabla ospos.ospos_items
CREATE TABLE IF NOT EXISTS `ospos_items` (
  `name` varchar(255) NOT NULL,
  `category` varchar(255) NOT NULL,
  `supplier_id` int(11) DEFAULT NULL,
  `item_number` varchar(255) DEFAULT NULL,
  `description` varchar(255) NOT NULL,
  `cost_price` decimal(15,2) NOT NULL,
  `unit_price` decimal(15,2) NOT NULL,
  `reorder_level` decimal(15,3) NOT NULL DEFAULT 0.000,
  `receiving_quantity` decimal(15,3) NOT NULL DEFAULT 1.000,
  `item_id` int(10) NOT NULL AUTO_INCREMENT,
  `pic_filename` varchar(255) DEFAULT NULL,
  `allow_alt_description` tinyint(1) NOT NULL,
  `is_serialized` tinyint(1) NOT NULL,
  `stock_type` tinyint(2) NOT NULL DEFAULT 0,
  `item_type` tinyint(2) NOT NULL DEFAULT 0,
  `deleted` int(1) NOT NULL DEFAULT 0,
  `tax_category_id` int(10) NOT NULL DEFAULT 1,
  `qty_per_pack` decimal(15,3) NOT NULL DEFAULT 1.000,
  `pack_name` varchar(8) DEFAULT 'Each',
  `low_sell_item_id` int(10) DEFAULT 0,
  `hsn_code` varchar(32) NOT NULL DEFAULT '',
  PRIMARY KEY (`item_id`),
  KEY `item_number` (`item_number`),
  KEY `supplier_id` (`supplier_id`)
) ENGINE=InnoDB AUTO_INCREMENT=139 DEFAULT CHARSET=utf8;

-- Volcando datos para la tabla ospos.ospos_items: ~138 rows (aproximadamente)
/*!40000 ALTER TABLE `ospos_items` DISABLE KEYS */;
INSERT INTO `ospos_items` (`name`, `category`, `supplier_id`, `item_number`, `description`, `cost_price`, `unit_price`, `reorder_level`, `receiving_quantity`, `item_id`, `pic_filename`, `allow_alt_description`, `is_serialized`, `stock_type`, `item_type`, `deleted`, `tax_category_id`, `qty_per_pack`, `pack_name`, `low_sell_item_id`, `hsn_code`) VALUES
	('Zapato de tacon cafe talla 38', 'Zapatos de Tacon', 2, '5555', '', 5.00, 15.00, 1.000, 122.000, 1, NULL, 0, 0, 0, 0, 1, 1, 1.000, 'Cada', 1, ''),
	('Zapato Niña', 'Zapato Niñas', 2, '3333', '', 1.00, 19.00, 1.000, 1000.000, 2, NULL, 0, 0, 0, 0, 1, 6, 1.000, 'Cada', 2, ''),
	('Pantufla de pruebas', 'Zapato Niñas', 2, '212121', '', 11.00, 13.00, 1.000, 1.000, 3, NULL, 0, 0, 0, 0, 1, 1, 1.000, 'Cada', 3, ''),
	('ZAPATO HOMBRE', 'Zapatos de Tacon', NULL, '123123', '', 11.00, 12.00, 1.000, 1.000, 4, NULL, 0, 0, 0, 0, 1, 1, 1.000, 'Cada', 4, ''),
	('ZADFFFFF', 'Zapatos de Tacon', 2, '1234', '', 3.00, 4.00, 1.000, 1.000, 5, NULL, 0, 0, 0, 0, 1, 1, 1.000, 'Cada', 5, ''),
	('A', 'Zapatos de Tacon', NULL, '123456', '', 1.00, 2.00, 1.000, 1.000, 6, NULL, 0, 0, 0, 0, 1, 1, 1.000, 'Cada', 6, ''),
	('B', 'Zapato Niñas', NULL, '12434554', '', 1.00, 2.00, 1.000, 1.000, 7, NULL, 0, 0, 0, 0, 1, 1, 1.000, 'Cada', 7, ''),
	('C', 'Zapatos de Tacon', NULL, '53425235', '', 5.00, 6.00, 1.000, 1.000, 8, NULL, 0, 0, 0, 0, 1, 1, 1.000, 'Cada', 8, ''),
	('D', 'Zapato Niñas', NULL, '4555555', '', 1.00, 2.00, 1.000, 1.000, 9, NULL, 0, 0, 0, 0, 1, 1, 1.000, 'Cada', 9, ''),
	('E', 'Zapato Niñas', NULL, '44566', '', 1.00, 2.00, 1.000, 1.000, 10, NULL, 0, 0, 0, 0, 1, 1, 1.000, 'Cada', 10, ''),
	('F', 'Zapato Niñas', NULL, '312112', '', 1.00, 2.00, 1.000, 1.000, 11, NULL, 0, 0, 0, 0, 1, 1, 1.000, 'Cada', 11, ''),
	('GG', 'Zapatos de Tacon', NULL, '55443', '', 1.00, 2.00, 1.000, 1.000, 12, NULL, 0, 0, 0, 0, 1, 1, 1.000, 'Cada', 12, ''),
	('H', 'Zapatos de Tacon', NULL, '4333', '', 1.00, 2.00, 1.000, 1.000, 13, NULL, 0, 0, 0, 0, 1, 1, 1.000, 'Cada', 13, ''),
	('I', 'Zapato Niñas', NULL, '6755', '', 1.00, 2.00, 1.000, 1.000, 14, NULL, 0, 0, 0, 0, 1, 1, 1.000, 'Cada', 14, ''),
	('J', 'Zapato Niñas', NULL, '5556', '', 1.00, 2.00, 1.000, 1.000, 15, NULL, 0, 0, 0, 0, 1, 1, 1.000, 'Cada', 15, ''),
	('K', 'Zapato Niñas', NULL, '43222', '', 1.00, 2.00, 1.000, 1.000, 16, NULL, 0, 0, 0, 0, 1, 1, 1.000, 'Cada', 16, ''),
	('L', 'Zapatos de Tacon', NULL, '677655', '', 1.00, 2.00, 1.000, 1.000, 17, NULL, 0, 0, 0, 0, 1, 1, 1.000, 'Cada', 17, ''),
	('M', 'Zapato Niñas', NULL, '75675', '', 1.00, 2.00, 1.000, 1.000, 18, NULL, 0, 0, 0, 0, 1, 1, 1.000, 'Cada', 18, ''),
	('N', 'Zapato Niñas', NULL, '65464', '', 1.00, 2.00, 1.000, 1.000, 19, NULL, 0, 0, 0, 0, 1, 1, 1.000, 'Cada', 19, ''),
	('O', 'Zapato Niñas', NULL, '665444', '', 3.00, 4.00, 1.000, 1.000, 20, NULL, 0, 0, 0, 0, 1, 1, 1.000, 'Cada', 20, ''),
	('P', 'Zapato Niñas', NULL, '787878', '', 3.00, 4.00, 1.000, 1.000, 21, NULL, 0, 0, 0, 0, 1, 1, 1.000, 'Cada', 21, ''),
	('prueba de dolar', 'Zapatos de Tacon', 2, 'dolar', '', 1.00, 1.00, 1.000, 1000.000, 22, NULL, 0, 0, 0, 0, 1, 1, 1.000, 'Cada', 22, ''),
	('prueba otro dolar', 'Zapato Niñas', NULL, '4234234', '', 1.00, 1.00, 1.000, 1.000, 23, NULL, 0, 0, 0, 0, 1, 1, 1.000, 'Cada', 23, ''),
	('GALLETA OREO', 'Zapatos de Tacon', NULL, NULL, '', 1.00, 1.00, 1.000, 1.000, 24, NULL, 0, 0, 0, 0, 1, 1, 1.000, 'Cada', 24, ''),
	('GALLETA OREO', 'Zapato Niñas', NULL, '7590011251100', '', 1.00, 1.00, 1.000, 1.000, 25, NULL, 0, 0, 0, 0, 1, 1, 1.000, 'Cada', 25, ''),
	('Mantenimiento mensual Camaras', 'Mensualidad', NULL, '1111', '', 0.00, 125.00, 1.000, 1.000, 26, NULL, 1, 0, 0, 0, 1, 1, 1.000, 'Cada', 26, ''),
	('Dolar', 'pruebas', NULL, '0001', '', 1.00, 1.00, 1.000, 1.000, 27, NULL, 0, 0, 0, 0, 1, 1, 1.000, 'Cada', 27, ''),
	('Servicio mensual de it agosto', 'Mensualidad', NULL, NULL, '', 0.00, 660.00, 1.000, 1.000, 28, NULL, 0, 0, 0, 0, 1, 1, 1.000, 'Cada', 28, ''),
	('ROLLO 6MM X  30METROS', 'Productos', NULL, NULL, '', 0.00, 10.00, 1.000, 1.000, 29, NULL, 0, 0, 0, 0, 1, 1, 1.000, 'Cada', 29, ''),
	('Servicio mensual de it agosto', 'Mensualidad', NULL, 'mag2020', '', 0.00, 660.00, 1.000, 1.000, 30, NULL, 0, 0, 0, 0, 1, 1, 1.000, 'Cada', 30, ''),
	('ROLLO 6MM X  30METROS', 'productos', NULL, 'rll', '', 0.00, 10.00, 1.000, 1.000, 31, NULL, 0, 0, 0, 0, 1, 1, 1.000, 'Cada', 31, ''),
	('Modem 3g con chip tuenti', 'productos', NULL, 'mdn3g', '', 0.00, 24.00, 1.000, 1.000, 32, NULL, 0, 0, 0, 0, 1, 1, 1.000, 'Cada', 32, ''),
	('Instalacion de nueva firma electronica', 'Servicios', NULL, 'wgestf', '', 0.00, 150.00, 1.000, 1.000, 33, NULL, 0, 0, 0, 0, 1, 1, 1.000, 'Cada', 33, ''),
	('Instalacion de computadora en domicilio', 'Servicios', NULL, 'instcomp', '', 0.00, 15.00, 1.000, 1.000, 34, NULL, 0, 0, 0, 0, 1, 1, 1.000, 'Cada', 34, ''),
	('Asesoria de respaldo en nube', 'Servicios', NULL, 'asgnub', '', 0.00, 35.00, 1.000, 1.000, 35, NULL, 0, 0, 0, 0, 1, 1, 1.000, 'Cada', 35, ''),
	('Cable HDMI15m', 'productos', NULL, 'cbhdmi15', '', 0.00, 18.00, 1.000, 1.000, 36, NULL, 0, 0, 0, 0, 1, 1, 1.000, 'Cada', 36, ''),
	('Audifonos con microfono', 'productos', NULL, 'micrcompu', '', 0.00, 13.00, 1.000, 1.000, 37, NULL, 0, 0, 0, 0, 1, 1, 1.000, 'Cada', 37, ''),
	('Limpieza computador monitoreo', 'Servicios', NULL, 'mancomp', '', 0.00, 30.00, 1.000, 1.000, 38, NULL, 0, 0, 0, 0, 1, 1, 1.000, 'Cada', 38, ''),
	('Tp link omada dual band profesional', 'productos', NULL, 'tplinko', '', 0.00, 105.00, 1.000, 1.000, 39, NULL, 0, 0, 0, 0, 1, 1, 1.000, 'Cada', 39, ''),
	('instalacion AP', 'Servicios', NULL, 'insap', '', 0.00, 20.00, 1.000, 1.000, 40, NULL, 0, 0, 0, 0, 1, 1, 1.000, 'Cada', 40, ''),
	('Camara ip 4mp hilook varifocal domo', 'productos', NULL, 'cam4', '', 0.00, 142.87, 1.000, 1.000, 41, NULL, 0, 0, 0, 0, 1, 1, 1.000, 'Cada', 41, ''),
	('Ups con bateria de 4A', 'productos', NULL, 'upsbat', '', 0.00, 75.00, 1.000, 1.000, 42, NULL, 0, 0, 0, 0, 1, 1, 1.000, 'Cada', 42, ''),
	('Instalacion y mano de obra camara apunta a rio y puente ', 'productos', NULL, 'Insman', '', 0.00, 115.00, 1.000, 1.000, 43, NULL, 0, 0, 0, 0, 1, 1, 1.000, 'Cada', 43, ''),
	('Maimboard AMD quad core integrado mas chip grafico amd Ga-e2500', 'productos', NULL, 'Manamd', '', 0.00, 110.00, 1.000, 1.000, 44, NULL, 0, 0, 0, 0, 1, 1, 1.000, 'Cada', 44, ''),
	('Memoria ram ddr3 4gb', 'productos', NULL, 'ram4gb', '', 50.00, 50.00, 1.000, 1.000, 45, NULL, 0, 0, 0, 0, 1, 1, 1.000, 'Cada', 45, ''),
	('ASESORIA DE IT mes de agosto', 'Servicios', NULL, 'asit', '', 0.00, 660.00, 1.000, 1.000, 46, NULL, 0, 0, 0, 0, 1, 1, 1.000, 'Cada', 46, ''),
	('Termometro infrarrojo a distancia AICARE a bateria.', 'productos', NULL, 'terin', '', 0.00, 35.00, 1.000, 1.000, 47, NULL, 0, 0, 0, 0, 1, 1, 1.000, 'Cada', 47, ''),
	('Fuente de poder ATX 500W', 'productos', NULL, 'fpowe', '', 15.00, 15.00, 1.000, 1.000, 48, NULL, 0, 0, 0, 0, 1, 1, 1.000, 'Cada', 48, ''),
	('Instalacion de fuente', 'Servicios', NULL, 'insfuente', '', 7.00, 7.00, 1.000, 1.000, 49, NULL, 0, 0, 0, 0, 1, 1, 1.000, 'Cada', 49, ''),
	('Disco duro ssd 250gb', 'productos', NULL, 'Dd250', '', 0.00, 45.00, 1.000, 1.000, 50, NULL, 0, 0, 0, 0, 1, 1, 1.000, 'Cada', 50, ''),
	('Formateo y reinstalacion Windows', 'Servicios', NULL, 'Format', '', 0.00, 30.00, 1.000, 1.000, 51, NULL, 0, 0, 0, 0, 1, 1, 1.000, 'Cada', 51, ''),
	('Camara web hd usb con audio', 'productos', NULL, 'Camweb', '', 0.00, 15.00, 1.000, 1.000, 52, NULL, 0, 0, 0, 0, 1, 1, 1.000, 'Cada', 52, ''),
	('Adaptsdor de red 5ghz USB', 'productos', NULL, 'usbwifi5g', '', 0.00, 15.00, 1.000, 1.000, 53, NULL, 0, 0, 0, 0, 1, 1, 1.000, 'Cada', 53, ''),
	('Instalacion de suite office 64 bits', 'Servicios', NULL, 'insoff', '', 0.00, 15.00, 1.000, 1.000, 54, NULL, 0, 0, 0, 0, 1, 1, 1.000, 'Cada', 54, ''),
	('Reparacion de TV administracion', 'Servicios', NULL, 'repatv', '', 0.00, 60.00, 1.000, 1.000, 55, NULL, 0, 0, 0, 0, 1, 1, 1.000, 'Cada', 55, ''),
	('Disco Duro SSD 500GB Western Digital Green', 'productos', NULL, 'ddssd500', '', 0.00, 105.00, 1.000, 1.000, 56, NULL, 0, 0, 0, 0, 1, 1, 1.000, 'Cada', 56, ''),
	('Reparacion Macbook Pro AB. Robert', 'Servicios', NULL, NULL, '', 50.00, 50.00, 1.000, 1.000, 57, NULL, 0, 0, 0, 0, 1, 0, 1.000, 'Cada', 57, ''),
	('Reparacion Macbook Abogado Robert', 'Servicios', NULL, 'repmacb', '', 50.00, 50.00, 1.000, 1.000, 58, NULL, 0, 0, 0, 0, 1, 1, 1.000, 'Cada', 58, ''),
	('Antena de TV con amplificador de señales UHF', 'productos', NULL, 'antttv', '', 23.00, 23.00, 1.000, 1.000, 59, NULL, 0, 0, 0, 0, 1, 1, 1.000, 'Cada', 59, ''),
	('instalacion dispositivos en cuarto de TV ', 'Servicios', NULL, 'insttv', '', 15.00, 15.00, 1.000, 1.000, 60, NULL, 0, 0, 0, 0, 1, 1, 1.000, 'Cada', 60, ''),
	('Reparacion de cable de telefono cocina de oficina', 'Servicios', NULL, 'rparcabletel', '', 10.00, 10.00, 1.000, 1.000, 61, NULL, 0, 0, 0, 0, 1, 1, 1.000, 'Cada', 61, ''),
	('Camara ip hilook exterior IR 4mpx', 'productos', NULL, 'cam4mp', '', 95.00, 95.00, 1.000, 1.000, 62, NULL, 0, 0, 0, 0, 1, 1, 1.000, 'Cada', 62, ''),
	('Radio CPE 210 Tplink 2.4GHZ', 'productos', NULL, 'cpe210', '', 85.00, 85.00, 1.000, 1.000, 63, NULL, 0, 0, 0, 0, 1, 1, 1.000, 'Cada', 63, ''),
	('Radio CPE5ghz tplink 1gbps', 'productos', NULL, 'rad5ghztplin', '', 115.00, 115.00, 1.000, 1.000, 64, NULL, 0, 0, 0, 0, 1, 1, 1.000, 'Cada', 64, ''),
	('Instalacion mantenimiento camaras ref: 20210208', 'productos', NULL, '20200208', '', 300.00, 300.00, 1.000, 1.000, 65, NULL, 0, 0, 0, 0, 1, 1, 1.000, 'Cada', 65, ''),
	('Limpieza de equipos de grabacion y computo de garita y rack', 'Servicios', NULL, 'limprack', '', 40.00, 40.00, 1.000, 1.000, 66, NULL, 0, 0, 0, 0, 1, 1, 1.000, 'Cada', 66, ''),
	('Disco duro SSD 250gb hs', 'productos', NULL, 'Ssd250adata', '', 90.00, 90.00, 1.000, 1.000, 67, NULL, 0, 0, 0, 0, 1, 1, 1.000, 'Cada', 67, ''),
	('UPS DE 500VA 110v', 'productos', NULL, 'upskevinva', '', 65.00, 65.00, 1.000, 1.000, 68, NULL, 0, 0, 0, 0, 1, 1, 1.000, 'Cada', 68, ''),
	('Radio enlace Ubiquiti CPE 5GHZ litebeam', 'productos', NULL, 'cpelitebram5gz', '', 130.00, 130.00, 1.000, 1.000, 69, NULL, 0, 0, 0, 0, 1, 1, 1.000, 'Cada', 69, ''),
	('UPS APC BE425M-LM STAND BY 120V 6 TOMAS. 1 USB 255Vatios - 425VA', 'productos', NULL, 'upsapc', '', 70.00, 70.00, 1.000, 1.000, 70, NULL, 0, 0, 0, 0, 1, 1, 1.000, 'Cada', 70, ''),
	('Mantenimiento Botonera de puerta', 'Servicios', NULL, 'mbotonera', '', 20.00, 20.00, 1.000, 1.000, 71, NULL, 0, 0, 0, 0, 1, 1, 1.000, 'Cada', 71, ''),
	('Disco duro 4TB purpura para camaras', 'productos', NULL, 'DDPUR4T', '', 210.00, 210.00, 1.000, 1.000, 72, NULL, 0, 0, 0, 0, 1, 1, 1.000, 'Cada', 72, ''),
	('Camara IP 2MPX Hilook IR', 'productos', NULL, 'camip2mp', '', 85.00, 85.00, 1.000, 1.000, 73, NULL, 0, 0, 0, 0, 1, 1, 1.000, 'Cada', 73, ''),
	('DVR 16CH Hibrido 2ip Hilook HDMI', 'productos', NULL, 'dvr16chahi', '', 110.00, 110.00, 1.000, 1.000, 74, NULL, 0, 0, 0, 0, 1, 1, 1.000, 'Cada', 74, ''),
	('DVR 16CH Hibrido 2ip Hilook HDMI', 'productos', NULL, 'dvr16chahi', '', 110.00, 110.00, 1.000, 1.000, 75, NULL, 0, 0, 0, 0, 1, 1, 1.000, 'Cada', 75, ''),
	('DVR 16CH Hibrido 2ip Hilook HDMI', 'productos', NULL, NULL, '', 110.00, 110.00, 1.000, 1.000, 76, NULL, 0, 0, 0, 0, 1, 1, 1.000, 'Cada', 76, ''),
	('Disco duro segate purpura 4TB', 'productos', NULL, '4tbpurp', '', 160.00, 160.00, 1.000, 1.000, 77, NULL, 0, 0, 0, 0, 1, 1, 1.000, 'Cada', 77, ''),
	('Camara hilook 1080p analoga', 'productos', NULL, 'camhilook1080pana', '', 18.00, 18.00, 1.000, 1.000, 78, NULL, 0, 0, 0, 0, 1, 1, 1.000, 'Cada', 78, ''),
	('balunutp rj45 par', 'productos', NULL, 'balrj45', '', 10.00, 10.00, 1.000, 1.000, 79, NULL, 0, 0, 0, 0, 1, 1, 1.000, 'Cada', 79, ''),
	('Rollo de cable 350m exterior', 'productos', NULL, 'rcable exterior', '', 80.00, 80.00, 1.000, 1.000, 80, NULL, 0, 0, 0, 0, 1, 1, 1.000, 'Cada', 80, ''),
	('Servicio de instalacion y recableado', 'Servicios', NULL, 'serinscpaco', '', 210.00, 210.00, 1.000, 1.000, 81, NULL, 0, 0, 0, 0, 1, 1, 1.000, 'Cada', 81, ''),
	('Cargador 105w para surface book2', 'productos', NULL, 'carsurf', '', 0.00, 121.00, 1.000, 1.000, 82, NULL, 0, 0, 0, 0, 1, 1, 1.000, 'Cada', 82, ''),
	('Antivirus kasperky version server anual', 'productos', NULL, 'antivirus', '', 130.00, 130.00, 1.000, 1.000, 83, NULL, 0, 0, 0, 0, 1, 1, 1.000, 'Cada', 83, ''),
	('Configuracion de Firewall por cambio de proveedor', 'Servicios', NULL, 'configuracintere', '', 75.00, 75.00, 1.000, 1.000, 84, NULL, 0, 0, 0, 0, 1, 1, 1.000, 'Cada', 84, ''),
	('Mantenimiento correctivo de pc y fuente de poder', 'Servicios', NULL, '234fdg', '', 55.00, 55.00, 1.000, 1.000, 85, NULL, 0, 0, 0, 0, 1, 1, 1.000, 'Cada', 85, ''),
	('CINTA NEGRA AISLANTE 10 Y', 'productos', NULL, '7861034101896', 'CINTA NEGRA ', 0.75, 1.25, 0.000, 10.000, 86, NULL, 0, 0, 0, 0, 1, 0, 1.000, 'Cada', 86, ''),
	('Switch TP-link 24 Puertos GB', 'productos', NULL, 'switch24g', '', 180.00, 180.00, 1.000, 1.000, 87, NULL, 0, 0, 0, 0, 1, 1, 1.000, 'Cada', 87, ''),
	('instalacion switch', 'Servicios', NULL, 'insswitch', '', 0.00, 30.00, 1.000, 1.000, 88, NULL, 0, 0, 0, 0, 1, 1, 1.000, 'Cada', 88, ''),
	('Renovacion de dominio', 'Servicios', NULL, 'domin', '', 0.00, 110.00, 1.000, 1.000, 89, NULL, 0, 0, 0, 0, 1, 1, 1.000, 'Cada', 89, ''),
	('Camara IP 4mpx hikvision IR HD', 'productos', NULL, 'camhikv', '', 0.00, 105.00, 1.000, 1.000, 90, NULL, 0, 0, 0, 0, 1, 1, 1.000, 'Cada', 90, ''),
	('Disco duro SSD 120GB KINGSTON', 'productos', NULL, 'SSD120', '', 0.00, 50.00, 1.000, 1.000, 91, NULL, 0, 0, 0, 0, 1, 1, 1.000, 'Cada', 91, ''),
	('mano de obra', 'productos', NULL, 'manobra', '', 0.00, 0.00, 1.000, 1.000, 92, NULL, 0, 0, 0, 0, 1, 1, 1.000, 'Cada', 92, ''),
	('Respaldo outlook', 'productos', NULL, 'outlres', '', 25.00, 25.00, 1.000, 1.000, 93, NULL, 0, 0, 0, 0, 1, 1, 1.000, 'Cada', 93, ''),
	('Memoria RAM 8GB DDR3', 'productos', NULL, 'ram8gd3', '', 75.00, 75.00, 1.000, 1.000, 94, NULL, 0, 0, 0, 0, 1, 1, 1.000, 'Cada', 94, ''),
	('Disco duro 1TB marca Seagate', 'productos', NULL, 'DD1TB', '', 0.00, 85.00, 1.000, 1.000, 95, NULL, 0, 0, 0, 0, 1, 1, 1.000, 'Cada', 95, ''),
	('Fuente de Poder Corsair 600w reales', 'productos', NULL, 'fcorsair600', '', 95.00, 95.00, 1.000, 1.000, 96, NULL, 0, 0, 0, 0, 1, 1, 1.000, 'Cada', 96, ''),
	('Reparacion pagina WEB vanegasdefensores', 'Servicios', NULL, 'repago', '', 50.00, 50.00, 1.000, 1.000, 97, NULL, 0, 0, 0, 0, 1, 1, 1.000, 'Cada', 97, ''),
	('Limpieza de contador de almohadillas', 'Servicios', NULL, 'almoh', '', 0.00, 20.00, 1.000, 1.000, 98, NULL, 0, 0, 0, 0, 1, 1, 1.000, 'Cada', 98, ''),
	('hardening, analisis y optimizacion de sitioweb camisaselec', 'Servicios', NULL, 'secupag', '', 0.00, 200.00, 1.000, 1.000, 99, NULL, 0, 0, 0, 0, 1, 1, 1.000, 'Cada', 99, ''),
	('Ups mini 9v para switch 1gps forza', 'productos', NULL, 'ups9v', '', 0.00, 65.00, 1.000, 1.000, 100, NULL, 0, 0, 0, 0, 1, 1, 1.000, 'Cada', 100, ''),
	('Canaletas', 'productos', NULL, 'canaletas11', '', 0.00, 35.00, 1.000, 1.000, 101, NULL, 0, 0, 0, 0, 1, 1, 1.000, 'Cada', 101, ''),
	('Conexion electrica 110v a 220v', 'productos', NULL, 'electriconn', '', 0.00, 25.00, 1.000, 1.000, 102, NULL, 0, 0, 0, 0, 1, 1, 1.000, 'Cada', 102, ''),
	('CENTRAL TELEFONICA IP UCM6202', 'productos', NULL, 'UCM6202', '', 0.00, 575.00, 1.000, 1.000, 103, NULL, 0, 0, 0, 0, 1, 1, 1.000, 'Cada', 103, ''),
	('Telefono Ip Grandstream Grp2601', 'productos', NULL, 'grp2601', '', 0.00, 48.00, 1.000, 1.000, 104, NULL, 0, 0, 0, 0, 1, 1, 1.000, 'Cada', 104, ''),
	('TELEFONO IP SIP PANASONIC K-X- HDV130', 'productos', NULL, 'HDV130', '', 0.00, 85.00, 1.000, 1.000, 105, NULL, 0, 0, 0, 0, 1, 1, 1.000, 'Cada', 105, ''),
	('GOIP 4 SIM CARD', 'productos', NULL, 'goip4', '', 0.00, 210.00, 1.000, 1.000, 106, NULL, 0, 0, 0, 0, 1, 1, 1.000, 'Cada', 106, ''),
	('MIKROTIK ROUTERBOARD RB 2011', 'productos', NULL, 'rb211', '', 0.00, 194.00, 1.000, 1.000, 107, NULL, 0, 0, 0, 0, 1, 1, 1.000, 'Cada', 107, ''),
	('Configuracion de central telefonica y router mikrotik', 'Servicios', NULL, 'confcentr', '', 0.00, 225.00, 1.000, 1.000, 108, NULL, 0, 0, 0, 0, 1, 1, 1.000, 'Cada', 108, ''),
	('Asesoria facturacion', 'Servicios', NULL, 'asesoria', '', 0.00, 20.00, 1.000, 1.000, 109, NULL, 0, 0, 0, 0, 1, 1, 1.000, 'Cada', 109, ''),
	('Seguidor Tonos Tester Red Rj45 Rj1', 'productos', NULL, 'segtonotester', '', 0.00, 40.18, 1.000, 1.000, 110, NULL, 0, 0, 0, 0, 1, 1, 1.000, 'Cada', 110, ''),
	('Camara IP ESCAM 4mp', 'productos', NULL, 'escam4', '', 0.00, 80.00, 1.000, 1.000, 111, NULL, 0, 0, 0, 0, 1, 1, 1.000, 'Cada', 111, ''),
	('Instalacion de biometrico con configuracion inicial', 'Servicios', NULL, 'insbiom', '', 0.00, 50.00, 1.000, 1.000, 112, NULL, 0, 0, 0, 0, 1, 1, 1.000, 'Cada', 112, ''),
	('Revision internet casa AP ', 'Servicios', NULL, 'sfds', '', 0.00, 15.00, 1.000, 1.000, 113, NULL, 0, 0, 0, 0, 1, 1, 1.000, 'Cada', 113, ''),
	('Reparacion TV garita', 'Servicios', NULL, 'tvgar', '', 0.00, 70.00, 1.000, 1.000, 114, NULL, 0, 0, 0, 0, 1, 1, 1.000, 'Cada', 114, ''),
	('Recuperacion archivos formateo y mejora de hardware', 'Servicios', NULL, 'manserarc', '', 0.00, 60.00, 1.000, 1.000, 115, NULL, 0, 0, 0, 0, 1, 1, 1.000, 'Cada', 115, ''),
	('Instalación de cableado de red de una oficina hacía otra', 'Servicios', NULL, 'cabbrainmuj', '', 0.00, 240.00, 1.000, 1.000, 116, NULL, 0, 0, 0, 0, 1, 1, 1.000, 'Cada', 116, ''),
	('Licencia de SQL SERVER 2014 VERSION ESTANDARD 4 CORE INGLES', 'productos', NULL, 'sql2014', '', 0.00, 380.00, 1.000, 1.000, 117, NULL, 0, 0, 0, 0, 1, 1, 1.000, 'Cada', 117, ''),
	('Servicio de configuracion de router y vpn', 'Servicios', NULL, 'vpnrout', '', 0.00, 50.00, 1.000, 1.000, 118, NULL, 0, 0, 0, 0, 1, 1, 1.000, 'Cada', 118, ''),
	(' VIKYLIN Cámara de seguridad PoE IP Bullet de 4 MP para exteriores', 'productos', NULL, 'vikcam', '', 0.00, 85.00, 1.000, 1.000, 119, NULL, 0, 0, 0, 0, 1, 1, 1.000, 'Cada', 119, ''),
	('Disco duro 8TB purpula para grabador 3gbps', 'productos', NULL, 'disco8tb', '', 0.00, 400.00, 1.000, 1.000, 120, NULL, 0, 0, 0, 0, 1, 1, 1.000, 'Cada', 120, ''),
	('Switch 8 puertos marca tp link 10-100', 'productos', NULL, 'switch8p', '', 0.00, 20.00, 1.000, 1.000, 121, NULL, 0, 0, 0, 0, 1, 1, 1.000, 'Cada', 121, ''),
	('Memoria RAM 8GB DDR4', 'productos', NULL, 'ddr48gb', '', 0.00, 65.00, 1.000, 1.000, 122, NULL, 0, 0, 0, 0, 1, 1, 1.000, 'Cada', 122, ''),
	('Camara Ezviz C3n Exterior Ip Wifi 1080p Audio', 'productos', NULL, 'camaudioezviz', '', 0.00, 95.00, 1.000, 1.000, 123, NULL, 0, 0, 0, 0, 1, 1, 1.000, 'Cada', 123, ''),
	('AP Para exterior marca TP-LINK eap-110', 'productos', NULL, 'apeapext', '', 0.00, 80.00, 1.000, 1.000, 124, NULL, 0, 0, 0, 0, 1, 1, 1.000, 'Cada', 124, ''),
	('Router Mikrotik rb941 – 2 nd RouterBOARD Hap Lite 2.4 GHz', 'productos', NULL, 'mikrotikrouter', '', 0.00, 80.00, 1.000, 1.000, 125, NULL, 0, 0, 0, 0, 1, 1, 1.000, 'Cada', 125, ''),
	('Radio enlace kwifi 2.4ghz', 'productos', NULL, 'kuwfi24', '', 0.00, 95.00, 1.000, 1.000, 126, NULL, 0, 0, 0, 0, 1, 1, 1.000, 'Cada', 126, ''),
	('Fuentes de poder para camara 12v 1.5A', 'productos', NULL, 'fpder15', '', 0.00, 10.00, 1.000, 1.000, 127, NULL, 0, 0, 0, 0, 1, 1, 1.000, 'Cada', 127, ''),
	('Tarjeta controladora PCI Express SATA 3.0', 'productos', NULL, 'tcontropcisata', '', 0.00, 50.00, 1.000, 1.000, 128, NULL, 0, 0, 0, 0, 1, 1, 1.000, 'Cada', 128, ''),
	('Mantenimiento de camaras y reubicacion de camaras', 'Servicios', NULL, 'mansrecubi', '', 0.00, 250.00, 1.000, 1.000, 129, NULL, 0, 0, 0, 0, 1, 1, 1.000, 'Cada', 129, ''),
	('Instalacion de camaras en urbanizacion incluyendo mastiles, cables e implementos adicionales ', 'Servicios', NULL, 'manobramastiles', '', 0.00, 1400.00, 1.000, 1.000, 130, NULL, 0, 0, 0, 0, 1, 1, 1.000, 'Cada', 130, ''),
	('Cableado de red exterior 3 cables torre administracion ', 'Servicios', NULL, 'cableto', '', 0.00, 120.00, 1.000, 1.000, 131, NULL, 0, 0, 0, 0, 1, 1, 1.000, 'Cada', 131, ''),
	('Reubicacion de Antenas de mastil a torre', 'Servicios', NULL, 'reubantenas', '', 0.00, 95.00, 1.000, 1.000, 132, NULL, 0, 0, 0, 0, 1, 1, 1.000, 'Cada', 132, ''),
	('Camara IP wifi 4mp vision nocturna audio', 'productos', NULL, 'sricam', '', 0.00, 51.00, 1.000, 1.000, 133, NULL, 0, 0, 0, 0, 1, 1, 1.000, 'Cada', 133, ''),
	('Instalacion de camara', 'Servicios', NULL, 'instcaam', '', 0.00, 20.00, 1.000, 1.000, 134, NULL, 0, 0, 0, 0, 1, 1, 1.000, 'Cada', 134, ''),
	('Memoria Micro sd 32GB clase 10', 'productos', NULL, 'Microsd', '', 0.00, 10.00, 1.000, 1.000, 135, NULL, 0, 0, 0, 0, 1, 1, 1.000, 'Cada', 135, ''),
	('Mantenimiento computadora administración', 'Servicios', NULL, 'Admincon', '', 0.00, 30.00, 1.000, 1.000, 136, NULL, 0, 0, 0, 0, 1, 1, 1.000, 'Cada', 136, ''),
	('Cambio de baterías maimboard administracion y monitoreo', 'Servicios', NULL, 'Pilabios', '', 0.00, 20.00, 1.000, 1.000, 137, NULL, 0, 0, 0, 0, 1, 1, 1.000, 'Cada', 137, ''),
	('prueba', 'productos', NULL, 'prueba', '', 0.00, 1.00, 1.000, 1.000, 138, NULL, 0, 0, 0, 0, 0, 1, 1.000, 'Cada', 138, '');
/*!40000 ALTER TABLE `ospos_items` ENABLE KEYS */;


-- Volcando estructura para tabla ospos.ospos_items_taxes
CREATE TABLE IF NOT EXISTS `ospos_items_taxes` (
  `item_id` int(10) NOT NULL,
  `name` varchar(255) NOT NULL,
  `percent` decimal(15,3) NOT NULL,
  PRIMARY KEY (`item_id`,`name`,`percent`)
) ENGINE=InnoDB DEFAULT CHARSET=utf8;

-- Volcando datos para la tabla ospos.ospos_items_taxes: ~0 rows (aproximadamente)
/*!40000 ALTER TABLE `ospos_items_taxes` DISABLE KEYS */;
/*!40000 ALTER TABLE `ospos_items_taxes` ENABLE KEYS */;


-- Volcando estructura para tabla ospos.ospos_item_kits
CREATE TABLE IF NOT EXISTS `ospos_item_kits` (
  `item_kit_id` int(11) NOT NULL AUTO_INCREMENT,
  `name` varchar(255) NOT NULL,
  `item_id` int(10) NOT NULL DEFAULT 0,
  `kit_discount` decimal(15,2) NOT NULL DEFAULT 0.00,
  `kit_discount_type` tinyint(2) NOT NULL DEFAULT 0,
  `price_option` tinyint(2) NOT NULL DEFAULT 0,
  `print_option` tinyint(2) NOT NULL DEFAULT 0,
  `description` varchar(255) NOT NULL,
  PRIMARY KEY (`item_kit_id`)
) ENGINE=InnoDB AUTO_INCREMENT=4 DEFAULT CHARSET=utf8;

-- Volcando datos para la tabla ospos.ospos_item_kits: ~3 rows (aproximadamente)
/*!40000 ALTER TABLE `ospos_item_kits` DISABLE KEYS */;
INSERT INTO `ospos_item_kits` (`item_kit_id`, `name`, `item_id`, `kit_discount`, `kit_discount_type`, `price_option`, `print_option`, `description`) VALUES
	(1, 'combo 1', 0, 3.00, 1, 0, 0, ''),
	(2, 'combo 2', 0, 4.00, 1, 1, 1, ''),
	(3, 'combo 3', 0, 10.00, 0, 0, 0, '');
/*!40000 ALTER TABLE `ospos_item_kits` ENABLE KEYS */;


-- Volcando estructura para tabla ospos.ospos_item_kit_items
CREATE TABLE IF NOT EXISTS `ospos_item_kit_items` (
  `item_kit_id` int(11) NOT NULL,
  `item_id` int(11) NOT NULL,
  `quantity` decimal(15,3) NOT NULL,
  `kit_sequence` int(3) NOT NULL DEFAULT 0,
  PRIMARY KEY (`item_kit_id`,`item_id`,`quantity`),
  KEY `ospos_item_kit_items_ibfk_2` (`item_id`)
) ENGINE=InnoDB DEFAULT CHARSET=utf8;

-- Volcando datos para la tabla ospos.ospos_item_kit_items: ~6 rows (aproximadamente)
/*!40000 ALTER TABLE `ospos_item_kit_items` DISABLE KEYS */;
INSERT INTO `ospos_item_kit_items` (`item_kit_id`, `item_id`, `quantity`, `kit_sequence`) VALUES
	(1, 53, 1.000, 0),
	(1, 83, 1.000, 0),
	(2, 53, 1.000, 0),
	(2, 59, 1.000, 0),
	(3, 53, 1.000, 0),
	(3, 83, 1.000, 0);
/*!40000 ALTER TABLE `ospos_item_kit_items` ENABLE KEYS */;


-- Volcando estructura para tabla ospos.ospos_item_quantities
CREATE TABLE IF NOT EXISTS `ospos_item_quantities` (
  `item_id` int(11) NOT NULL,
  `location_id` int(11) NOT NULL,
  `quantity` decimal(15,3) NOT NULL DEFAULT 0.000,
  PRIMARY KEY (`item_id`,`location_id`),
  KEY `item_id` (`item_id`),
  KEY `location_id` (`location_id`)
) ENGINE=InnoDB DEFAULT CHARSET=utf8;

-- Volcando datos para la tabla ospos.ospos_item_quantities: ~138 rows (aproximadamente)
/*!40000 ALTER TABLE `ospos_item_quantities` DISABLE KEYS */;
INSERT INTO `ospos_item_quantities` (`item_id`, `location_id`, `quantity`) VALUES
	(1, 1, 0.000),
	(2, 1, 0.000),
	(3, 1, 0.000),
	(4, 1, 0.000),
	(5, 1, 0.000),
	(6, 1, 0.000),
	(7, 1, 0.000),
	(8, 1, 0.000),
	(9, 1, 0.000),
	(10, 1, 0.000),
	(11, 1, 0.000),
	(12, 1, 0.000),
	(13, 1, 0.000),
	(14, 1, 0.000),
	(15, 1, 0.000),
	(16, 1, 0.000),
	(17, 1, 0.000),
	(18, 1, 0.000),
	(19, 1, 0.000),
	(20, 1, 0.000),
	(21, 1, 0.000),
	(22, 1, 0.000),
	(23, 1, 0.000),
	(24, 1, 0.000),
	(25, 1, 0.000),
	(26, 1, 0.000),
	(27, 1, 0.000),
	(28, 1, 0.000),
	(29, 1, 0.000),
	(30, 1, 0.000),
	(31, 1, 0.000),
	(32, 1, 0.000),
	(33, 1, 0.000),
	(34, 1, 0.000),
	(35, 1, 0.000),
	(36, 1, 0.000),
	(37, 1, 0.000),
	(38, 1, 0.000),
	(39, 1, 0.000),
	(40, 1, 0.000),
	(41, 1, 0.000),
	(42, 1, 0.000),
	(43, 1, 0.000),
	(44, 1, 0.000),
	(45, 1, 0.000),
	(46, 1, 0.000),
	(47, 1, 0.000),
	(48, 1, 0.000),
	(49, 1, 0.000),
	(50, 1, 0.000),
	(51, 1, 0.000),
	(52, 1, 0.000),
	(53, 1, 0.000),
	(54, 1, 0.000),
	(55, 1, 0.000),
	(56, 1, 0.000),
	(57, 1, 0.000),
	(58, 1, 0.000),
	(59, 1, 0.000),
	(60, 1, 0.000),
	(61, 1, 0.000),
	(62, 1, 0.000),
	(63, 1, 0.000),
	(64, 1, 0.000),
	(65, 1, 0.000),
	(66, 1, 0.000),
	(67, 1, 0.000),
	(68, 1, 0.000),
	(69, 1, 0.000),
	(70, 1, 0.000),
	(71, 1, 0.000),
	(72, 1, 0.000),
	(73, 1, 0.000),
	(74, 1, 0.000),
	(75, 1, 0.000),
	(76, 1, 0.000),
	(77, 1, 0.000),
	(78, 1, 0.000),
	(79, 1, 0.000),
	(80, 1, 0.000),
	(81, 1, 0.000),
	(82, 1, 0.000),
	(83, 1, 0.000),
	(84, 1, 0.000),
	(85, 1, 0.000),
	(86, 1, 0.000),
	(87, 1, 0.000),
	(88, 1, 0.000),
	(89, 1, 0.000),
	(90, 1, 0.000),
	(91, 1, 0.000),
	(92, 1, 0.000),
	(93, 1, 0.000),
	(94, 1, 0.000),
	(95, 1, 0.000),
	(96, 1, 0.000),
	(97, 1, 0.000),
	(98, 1, 0.000),
	(99, 1, 0.000),
	(100, 1, 0.000),
	(101, 1, 0.000),
	(102, 1, 0.000),
	(103, 1, 0.000),
	(104, 1, 0.000),
	(105, 1, 0.000),
	(106, 1, 0.000),
	(107, 1, 0.000),
	(108, 1, 0.000),
	(109, 1, 0.000),
	(110, 1, 0.000),
	(111, 1, 0.000),
	(112, 1, 0.000),
	(113, 1, 0.000),
	(114, 1, 0.000),
	(115, 1, 0.000),
	(116, 1, 0.000),
	(117, 1, 0.000),
	(118, 1, 0.000),
	(119, 1, 0.000),
	(120, 1, 0.000),
	(121, 1, 0.000),
	(122, 1, 0.000),
	(123, 1, 0.000),
	(124, 1, 0.000),
	(125, 1, 0.000),
	(126, 1, 0.000),
	(127, 1, 0.000),
	(128, 1, 0.000),
	(129, 1, 0.000),
	(130, 1, 0.000),
	(131, 1, 0.000),
	(132, 1, 0.000),
	(133, 1, 0.000),
	(134, 1, 0.000),
	(135, 1, 0.000),
	(136, 1, 0.000),
	(137, 1, 0.000),
	(138, 1, -37.000);
/*!40000 ALTER TABLE `ospos_item_quantities` ENABLE KEYS */;


-- Volcando estructura para tabla ospos.ospos_migrations
CREATE TABLE IF NOT EXISTS `ospos_migrations` (
  `version` bigint(20) NOT NULL
) ENGINE=MyISAM DEFAULT CHARSET=utf8;

-- Volcando datos para la tabla ospos.ospos_migrations: 1 rows
/*!40000 ALTER TABLE `ospos_migrations` DISABLE KEYS */;
INSERT INTO `ospos_migrations` (`version`) VALUES
	(20200202000000);
/*!40000 ALTER TABLE `ospos_migrations` ENABLE KEYS */;


-- Volcando estructura para tabla ospos.ospos_modules
CREATE TABLE IF NOT EXISTS `ospos_modules` (
  `name_lang_key` varchar(255) NOT NULL,
  `desc_lang_key` varchar(255) NOT NULL,
  `sort` int(10) NOT NULL,
  `module_id` varchar(255) NOT NULL,
  PRIMARY KEY (`module_id`),
  UNIQUE KEY `desc_lang_key` (`desc_lang_key`),
  UNIQUE KEY `name_lang_key` (`name_lang_key`)
) ENGINE=InnoDB DEFAULT CHARSET=utf8;

-- Volcando datos para la tabla ospos.ospos_modules: ~18 rows (aproximadamente)
/*!40000 ALTER TABLE `ospos_modules` DISABLE KEYS */;
INSERT INTO `ospos_modules` (`name_lang_key`, `desc_lang_key`, `sort`, `module_id`) VALUES
	('module_attributes', 'module_attributes_desc', 107, 'attributes'),
	('module_cashups', 'module_cashups_desc', 110, 'cashups'),
	('module_config', 'module_config_desc', 900, 'config'),
	('module_customers', 'module_customers_desc', 10, 'customers'),
	('module_employees', 'module_employees_desc', 80, 'employees'),
	('module_expenses', 'module_expenses_desc', 108, 'expenses'),
	('module_expenses_categories', 'module_expenses_categories_desc', 109, 'expenses_categories'),
	('module_giftcards', 'module_giftcards_desc', 90, 'giftcards'),
	('module_home', 'module_home_desc', 1, 'home'),
	('module_items', 'module_items_desc', 20, 'items'),
	('module_item_kits', 'module_item_kits_desc', 30, 'item_kits'),
	('module_messages', 'module_messages_desc', 98, 'messages'),
	('module_office', 'module_office_desc', 999, 'office'),
	('module_receivings', 'module_receivings_desc', 60, 'receivings'),
	('module_reports', 'module_reports_desc', 50, 'reports'),
	('module_sales', 'module_sales_desc', 70, 'sales'),
	('module_suppliers', 'module_suppliers_desc', 40, 'suppliers'),
	('module_taxes', 'module_taxes_desc', 105, 'taxes');
/*!40000 ALTER TABLE `ospos_modules` ENABLE KEYS */;


-- Volcando estructura para tabla ospos.ospos_people
CREATE TABLE IF NOT EXISTS `ospos_people` (
  `first_name` varchar(255) NOT NULL,
  `ruc_cliente` varchar(255) DEFAULT NULL,
  `last_name` varchar(255) NOT NULL,
  `gender` int(1) DEFAULT NULL,
  `phone_number` varchar(255) NOT NULL,
  `email` varchar(255) NOT NULL,
  `address_1` varchar(255) NOT NULL,
  `address_2` varchar(255) NOT NULL,
  `city` varchar(255) NOT NULL,
  `state` varchar(255) NOT NULL,
  `zip` varchar(255) NOT NULL,
  `country` varchar(255) NOT NULL,
  `comments` text NOT NULL,
  `person_id` int(10) NOT NULL AUTO_INCREMENT,
  PRIMARY KEY (`person_id`),
  KEY `email` (`email`)
) ENGINE=InnoDB AUTO_INCREMENT=91 DEFAULT CHARSET=utf8;

-- Volcando datos para la tabla ospos.ospos_people: ~29 rows (aproximadamente)
/*!40000 ALTER TABLE `ospos_people` DISABLE KEYS */;
INSERT INTO `ospos_people` (`first_name`, `ruc_cliente`, `last_name`, `gender`, `phone_number`, `email`, `address_1`, `address_2`, `city`, `state`, `zip`, `country`, `comments`, `person_id`) VALUES
	('John', '', 'Doe', NULL, '555-555-5555', 'changeme@example.com', 'Address 1', '', '', '', '', '', '', 1),
	('Wilsons', '', 'Zambrano', 1, '0999999', 'zapatosnacionales@yopmail.ocm', 'Direccion de pruebas', '', 'Ambato', 'Tungurahua', 'undefined', 'Ecuador', '', 2),
	('Roberto', '0950012120001', 'Matamoro ', 1, '0992027526', 'robertomd1993@gmail.com', 'Alborada 12va etapa mz 12 villa 19', '', 'Guayaquil', 'Guayas', '', '', '', 3),
	('6456456', '54645', '456456', NULL, '', '', '', '', '', '', '', '', '', 43),
	('345345', '5345435', '345345', NULL, '', '', '', '', '', '', '', '', '', 46),
	('5345345', '34534534', '34534534', NULL, '', '', '', '', '', '', '', '', '', 47),
	('4444', '44444444', '44', NULL, '', '', '', '', '', '', '', '', '', 56),
	('345345', '345345', '345', NULL, '', '', '', '', '', '', '', '', '', 57),
	('4444', '4444444', '4', NULL, '', '', '', '', '', '', '', '', '', 69),
	('55', '555', '5', NULL, '', '', '', '', '', '', '', '', '', 70),
	('Rrt', '6677', 'Rttttttt', NULL, '', '', '', '', '', '', '', '', '', 72),
	('Ujuju', '6575675675', 'Jjjj', NULL, '', '', '', '', '', '', '', '', '', 73),
	('Ttt', '546465464', 'Tttt', NULL, '', '', '', '', '', '', '', '', '', 74),
	('Jennifer', '0925822561', 'Retto', 0, '5555555555', 'laprueba@yopmail.com', 'alborada', '', 'Guayaquil', 'Guayas', 'ec0809', 'Ecuador', '', 75),
	('Jennifer', '0925822561001', 'Retto', 0, '0992027522', 'jerelo@yopmail.com', 'Cdlacoviem', '', '', '', '', '', '', 76),
	('Asoprourb', '0992580097001', 'Asociacion de Propietarios y Reservantes de la Urbanizacion la Marina de Ciudad Celeste', 1, '042181001', 'administracion@ciudadcelestelamarina.com', 'KM 9.5 via Samborondon', '', '', '', '', '', '', 77),
	('Pacobanana', '0992782781001', 'Sa', 1, '0983382491', 'administracion@pacobananasa.com', 'KM1 VIA BOLICHE PUERTO INCA', '', 'Yaguachi', 'Guayas', '', 'Ecuador', '', 78),
	('Fomat Medical Research', '0992812605001', 'Sa', 1, '042687267', 'acctspaylatam@fomatmedical.com', 'Miguel H. Alcivar y Nahim Isaias', '', 'Guayaquil', 'Guayas', '', 'Ecuador', '', 79),
	('Vanegas Defensores', '0992828730001', 'Sa', 1, '042565676', 'dcirino@vanegasdefensores.com', 'AV 9 DE OCTUBRE 100 Y MALECON PISO', '', 'Guayaquil', 'Guayas', '', 'Ecuador', '', 80),
	('Anita', '0911227817001', 'Fernandez', 1, '0980420964', 'j_aventuras@hotmail.com', 'CDLA ALAMOS III SOLAR 1 MZ 17', '', 'Guayaquil', 'Guayas', 'ec0809', 'Ecuador', '', 81),
	('Cajero', NULL, 'Cajeroo', 1, '', '', '', '', '', '', '', '', '', 82),
	('Pamela', '0927240663', 'Bajana', NULL, '045045667', 'pbajana@facilito.com.ec', 'Edificio finansur piso 22 9 de octubre', '', 'Guayaquil', 'Guayas', 'ec0809', 'Ecuador', '', 83),
	('Gran Logia del ', '0992119195001', 'Ecuador', 1, '0992027528', 'kevinvillamar@rocketmail.com', 'Francisco de Paula Lavayen 222 y calixto romero', '', 'Guayaquil', 'Guayas', '', 'Ecuador', '', 84),
	('Gyacorp Cia. ', '0992702958001', 'Ltda.', 1, '042370594', 'ivanvelezpalma@gmail.com', 'Andres Marin 205 y C. Vallen', '', 'Guayaquil', 'Guayas', 'Ec0809', 'Ecuador', '', 85),
	('Emapsa Bf', '1260040280001', 'Empresa Publica Municipal de Agua Potable y Saneamiento Ambiental del Canton Buena Fe', 1, '0939150199', 'carlohidalgor@hotmail.com', 'felipe Alvarez y Luis Pincay', '', 'Buena Fe', 'Los Rios', '', 'Ecuador', '', 86),
	('Robert', '0912077864', 'Matamoro', 1, '0999571048', 'lamarina@yopmail.com', 'djdsjd y jdjk', '', 'Milagro', 'Guayas', '', 'Ecuador', '', 87),
	('Tito', '1714816301001', 'Erazo', 1, '0987335351', 'info.proytec@gmail.com', 'Calle Eduardo Bata S7-32 y Guayllabamaba', '', 'Quito', 'Pichincha', '', 'Ecuador', '', 88),
	('Aso. de Residentes ', '0992651172001', 'del Conjunto Habitacional la Brisa', 1, '0967600399', 'administracion@labrisa.com.ec', 'Ciudad Celeste urb la brisa', '', 'Samborondon', 'Guayas', 'ec0809', 'Ecuador', '', 89),
	('Global Solutions', '0992598557001', 'Group Sa', 1, '0997046210', 'gsgsa_pinguino@hotmail.com', 'Alamos PRINCIPAL SOLAR 10 Y A', '', 'Guayaquil', 'Guayas', '', 'Ecuador', '', 90);
/*!40000 ALTER TABLE `ospos_people` ENABLE KEYS */;


-- Volcando estructura para tabla ospos.ospos_permissions
CREATE TABLE IF NOT EXISTS `ospos_permissions` (
  `permission_id` varchar(255) NOT NULL,
  `module_id` varchar(255) NOT NULL,
  `location_id` int(10) DEFAULT NULL,
  PRIMARY KEY (`permission_id`),
  KEY `module_id` (`module_id`)
) ENGINE=InnoDB DEFAULT CHARSET=utf8;

-- Volcando datos para la tabla ospos.ospos_permissions: ~36 rows (aproximadamente)
/*!40000 ALTER TABLE `ospos_permissions` DISABLE KEYS */;
INSERT INTO `ospos_permissions` (`permission_id`, `module_id`, `location_id`) VALUES
	('attributes', 'attributes', NULL),
	('cashups', 'cashups', NULL),
	('config', 'config', NULL),
	('customers', 'customers', NULL),
	('employees', 'employees', NULL),
	('expenses', 'expenses', NULL),
	('expenses_categories', 'expenses_categories', NULL),
	('giftcards', 'giftcards', NULL),
	('home', 'home', NULL),
	('items', 'items', NULL),
	('items_En_Existencia', 'items', 1),
	('item_kits', 'item_kits', NULL),
	('messages', 'messages', NULL),
	('office', 'office', NULL),
	('receivings', 'receivings', NULL),
	('receivings_En_Existencia', 'receivings', 1),
	('reports', 'reports', NULL),
	('reports_categories', 'reports', NULL),
	('reports_customers', 'reports', NULL),
	('reports_discounts', 'reports', NULL),
	('reports_employees', 'reports', NULL),
	('reports_expenses_categories', 'reports', NULL),
	('reports_inventory', 'reports', NULL),
	('reports_items', 'reports', NULL),
	('reports_payments', 'reports', NULL),
	('reports_receivings', 'reports', NULL),
	('reports_sales', 'reports', NULL),
	('reports_sales_taxes', 'reports', NULL),
	('reports_suppliers', 'reports', NULL),
	('reports_taxes', 'reports', NULL),
	('sales', 'sales', NULL),
	('sales_change_price', 'sales', NULL),
	('sales_delete', 'sales', NULL),
	('sales_En_Existencia', 'sales', 1),
	('suppliers', 'suppliers', NULL),
	('taxes', 'taxes', NULL);
/*!40000 ALTER TABLE `ospos_permissions` ENABLE KEYS */;


-- Volcando estructura para tabla ospos.ospos_receivings
CREATE TABLE IF NOT EXISTS `ospos_receivings` (
  `receiving_time` timestamp NOT NULL DEFAULT current_timestamp(),
  `supplier_id` int(10) DEFAULT NULL,
  `employee_id` int(10) NOT NULL DEFAULT 0,
  `comment` text DEFAULT NULL,
  `receiving_id` int(10) NOT NULL AUTO_INCREMENT,
  `payment_type` varchar(20) DEFAULT NULL,
  `reference` varchar(32) DEFAULT NULL,
  PRIMARY KEY (`receiving_id`),
  KEY `supplier_id` (`supplier_id`),
  KEY `employee_id` (`employee_id`),
  KEY `reference` (`reference`),
  KEY `receiving_time` (`receiving_time`)
) ENGINE=InnoDB AUTO_INCREMENT=4 DEFAULT CHARSET=utf8;

-- Volcando datos para la tabla ospos.ospos_receivings: ~3 rows (aproximadamente)
/*!40000 ALTER TABLE `ospos_receivings` DISABLE KEYS */;
INSERT INTO `ospos_receivings` (`receiving_time`, `supplier_id`, `employee_id`, `comment`, `receiving_id`, `payment_type`, `reference`) VALUES
	('2021-06-22 17:15:36', NULL, 1, '', 1, 'Efectivo', NULL),
	('2021-06-22 17:45:50', NULL, 1, '', 2, 'Efectivo', NULL),
	('2021-06-22 17:46:11', NULL, 1, '', 3, 'Efectivo', NULL);
/*!40000 ALTER TABLE `ospos_receivings` ENABLE KEYS */;


-- Volcando estructura para tabla ospos.ospos_receivings_items
CREATE TABLE IF NOT EXISTS `ospos_receivings_items` (
  `receiving_id` int(10) NOT NULL DEFAULT 0,
  `item_id` int(10) NOT NULL DEFAULT 0,
  `description` varchar(30) DEFAULT NULL,
  `serialnumber` varchar(30) DEFAULT NULL,
  `line` int(3) NOT NULL,
  `quantity_purchased` decimal(15,3) NOT NULL DEFAULT 0.000,
  `item_cost_price` decimal(15,2) NOT NULL,
  `item_unit_price` decimal(15,2) NOT NULL,
  `discount` decimal(15,2) NOT NULL DEFAULT 0.00,
  `discount_type` tinyint(2) NOT NULL DEFAULT 0,
  `item_location` int(11) NOT NULL,
  `receiving_quantity` decimal(15,3) NOT NULL DEFAULT 1.000,
  PRIMARY KEY (`receiving_id`,`item_id`,`line`),
  KEY `item_id` (`item_id`)
) ENGINE=InnoDB DEFAULT CHARSET=utf8;

-- Volcando datos para la tabla ospos.ospos_receivings_items: ~3 rows (aproximadamente)
/*!40000 ALTER TABLE `ospos_receivings_items` DISABLE KEYS */;
INSERT INTO `ospos_receivings_items` (`receiving_id`, `item_id`, `description`, `serialnumber`, `line`, `quantity_purchased`, `item_cost_price`, `item_unit_price`, `discount`, `discount_type`, `item_location`, `receiving_quantity`) VALUES
	(1, 36, '', NULL, 1, 100.000, 0.00, 0.00, 0.00, 0, 1, 1.000),
	(2, 86, 'CINTA NEGRA ', '', 1, 1.000, 0.75, 0.75, 0.00, 0, 1, 10.000),
	(3, 86, 'CINTA NEGRA ', '', 1, 1.000, 0.75, 0.75, 0.00, 0, 1, 10.000);
/*!40000 ALTER TABLE `ospos_receivings_items` ENABLE KEYS */;


-- Volcando estructura para tabla ospos.ospos_sales
CREATE TABLE IF NOT EXISTS `ospos_sales` (
  `sale_time` timestamp NOT NULL DEFAULT current_timestamp(),
  `customer_id` int(10) DEFAULT NULL,
  `employee_id` int(10) NOT NULL DEFAULT 0,
  `comment` text DEFAULT NULL,
  `invoice_number` varchar(32) DEFAULT NULL,
  `quote_number` varchar(32) DEFAULT NULL,
  `sale_id` int(10) NOT NULL AUTO_INCREMENT,
  `sale_status` tinyint(2) NOT NULL DEFAULT 0,
  `dinner_table_id` int(11) DEFAULT NULL,
  `work_order_number` varchar(32) DEFAULT NULL,
  `sale_type` tinyint(2) NOT NULL DEFAULT 0,
  `clave_acceso` varchar(49) DEFAULT NULL,
  PRIMARY KEY (`sale_id`),
  UNIQUE KEY `invoice_number` (`invoice_number`),
  KEY `customer_id` (`customer_id`),
  KEY `employee_id` (`employee_id`),
  KEY `sale_time` (`sale_time`),
  KEY `dinner_table_id` (`dinner_table_id`)
) ENGINE=InnoDB AUTO_INCREMENT=289 DEFAULT CHARSET=utf8;

-- Volcando datos para la tabla ospos.ospos_sales: ~37 rows (aproximadamente)
/*!40000 ALTER TABLE `ospos_sales` DISABLE KEYS */;
INSERT INTO `ospos_sales` (`sale_time`, `customer_id`, `employee_id`, `comment`, `invoice_number`, `quote_number`, `sale_id`, `sale_status`, `dinner_table_id`, `work_order_number`, `sale_type`, `clave_acceso`) VALUES
	('2023-03-03 14:59:52', 3, 1, '', '0', NULL, 252, 0, NULL, NULL, 1, '0303202301091207786400120010010000000000000000018'),
	('2023-03-03 15:00:25', 3, 1, '', '1', NULL, 253, 0, NULL, NULL, 1, '0303202301091207786400120010010000000010000000013'),
	('2023-03-03 15:02:11', 3, 1, '', '2', NULL, 254, 0, NULL, NULL, 1, '0303202301091207786400120010010000000020000000019'),
	('2023-03-03 15:03:39', 3, 1, '', '3', NULL, 255, 0, NULL, NULL, 1, '0303202301091207786400120010010000000030000000014'),
	('2023-03-23 17:24:37', 3, 1, '', '4', NULL, 256, 0, NULL, NULL, 1, '2303202301091207786400120010010000000040000000017'),
	('2023-03-23 17:26:55', 3, 1, '', '5', NULL, 257, 0, NULL, NULL, 1, '2303202301091207786400120010010000000050000000012'),
	('2023-03-23 17:27:24', 3, 1, '', '6', NULL, 258, 0, NULL, NULL, 1, '2303202301091207786400120010010000000060000000018'),
	('2023-03-23 17:28:00', 3, 1, '', '7', NULL, 259, 0, NULL, NULL, 1, '2303202301091207786400120010010000000070000000013'),
	('2023-03-23 17:43:54', 3, 1, '', '8', NULL, 260, 0, NULL, NULL, 1, '2303202301091207786400120010010000000080000000019'),
	('2023-03-23 17:46:32', 3, 1, '', '9', NULL, 261, 0, NULL, NULL, 1, '2303202301091207786400120010010000000090000000014'),
	('2023-03-23 17:51:42', 3, 1, '', '10', NULL, 262, 0, NULL, NULL, 1, '2303202301091207786400120010010000000100000000011'),
	('2023-03-23 17:54:18', 3, 1, '', '11', NULL, 263, 0, NULL, NULL, 1, '2303202301091207786400120010010000000110000000015'),
	('2023-03-23 17:55:32', 3, 1, '', '12', NULL, 264, 0, NULL, NULL, 1, '2303202301091207786400120010010000000120000000010'),
	('2023-03-23 17:58:42', 3, 1, '', '13', NULL, 265, 0, NULL, NULL, 1, '2303202301091207786400120010010000000130000000016'),
	('2023-03-23 17:59:21', 3, 1, '', '14', NULL, 266, 0, NULL, NULL, 1, '2303202301091207786400120010010000000140000000011'),
	('2023-03-23 18:01:56', 3, 1, '', '15', NULL, 267, 0, NULL, NULL, 1, '2303202301091207786400120010010000000150000000017'),
	('2023-03-23 18:02:40', 3, 1, '', '16', NULL, 268, 0, NULL, NULL, 1, '2303202301091207786400120010010000000160000000012'),
	('2023-03-23 18:04:23', 3, 1, '', '17', NULL, 269, 0, NULL, NULL, 1, '2303202301091207786400120010010000000170000000018'),
	('2023-03-23 18:06:17', 3, 1, '', '18', NULL, 270, 0, NULL, NULL, 1, '2303202301091207786400120010010000000180000000013'),
	('2023-03-25 15:40:18', 3, 1, '', '19', NULL, 271, 0, NULL, NULL, 1, '2503202301091207786400120010010000000190000000018'),
	('2023-03-25 15:49:08', 3, 1, '', '20', NULL, 272, 0, NULL, NULL, 1, '2503202301091207786400120010010000000200000000013'),
	('2023-03-25 18:02:21', 3, 1, '', '21', NULL, 273, 0, NULL, NULL, 1, '2503202301091207786400120010010000000210000000019'),
	('2023-03-25 18:06:38', 3, 1, '', '22', NULL, 274, 0, NULL, NULL, 1, '2503202301091207786400120010010000000220000000014'),
	('2023-03-25 18:07:22', 3, 1, '', '23', NULL, 275, 0, NULL, NULL, 1, '2503202301091207786400120010010000000230000000011'),
	('2023-03-28 15:39:24', 3, 1, '', '24', NULL, 276, 0, NULL, NULL, 1, '2803202301091207786400120010010000000240000000019'),
	('2023-03-28 15:49:24', 3, 1, '', '25', NULL, 277, 0, NULL, NULL, 1, '2803202301091207786400120010010000000250000000014'),
	('2023-03-28 15:54:36', 3, 1, '', '26', NULL, 278, 0, NULL, NULL, 1, '2803202301091207786400120010010000000260000000011'),
	('2023-03-28 15:55:13', 3, 1, '', '27', NULL, 279, 0, NULL, NULL, 1, '2803202301091207786400120010010000000270000000015'),
	('2023-03-28 15:58:27', 3, 1, '', '28', NULL, 280, 0, NULL, NULL, 1, '2803202301091207786400120010010000000280000000010'),
	('2023-03-28 16:00:15', 3, 1, '', '29', NULL, 281, 0, NULL, NULL, 1, '2803202301091207786400120010010000000290000000016'),
	('2023-03-28 16:03:56', 3, 1, '', '30', NULL, 282, 0, NULL, NULL, 1, '2803202301091207786400120010010000000300000000011'),
	('2023-03-28 16:04:27', 3, 1, '', '31', NULL, 283, 0, NULL, NULL, 1, '2803202301091207786400120010010000000310000000017'),
	('2023-03-28 16:10:00', 3, 1, '', '32', NULL, 284, 0, NULL, NULL, 1, '2803202301091207786400120010010000000320000000012'),
	('2023-03-28 16:13:20', 3, 1, '', '33', NULL, 285, 0, NULL, NULL, 1, '2803202301091207786400120010010000000330000000018'),
	('2023-03-28 16:17:21', 3, 1, '', '34', NULL, 286, 0, NULL, NULL, 1, '2803202301091207786400120010010000000340000000013'),
	('2023-03-28 16:33:02', 3, 1, '', '35', NULL, 287, 0, NULL, NULL, 1, '2803202301091207786400120010010000000350000000019'),
	('2023-03-28 16:34:21', 3, 1, '', '36', NULL, 288, 0, NULL, NULL, 1, '2803202301091207786400120010010000000360000000014');
/*!40000 ALTER TABLE `ospos_sales` ENABLE KEYS */;


-- Volcando estructura para tabla ospos.ospos_sales_items
CREATE TABLE IF NOT EXISTS `ospos_sales_items` (
  `sale_id` int(10) NOT NULL DEFAULT 0,
  `item_id` int(10) NOT NULL DEFAULT 0,
  `description` varchar(255) DEFAULT NULL,
  `serialnumber` varchar(30) DEFAULT NULL,
  `line` int(3) NOT NULL DEFAULT 0,
  `quantity_purchased` decimal(15,3) NOT NULL DEFAULT 0.000,
  `item_cost_price` decimal(15,2) NOT NULL,
  `item_unit_price` decimal(15,2) NOT NULL,
  `discount` decimal(15,2) NOT NULL DEFAULT 0.00,
  `discount_type` tinyint(2) NOT NULL DEFAULT 0,
  `item_location` int(11) NOT NULL,
  `print_option` tinyint(2) NOT NULL DEFAULT 0,
  PRIMARY KEY (`sale_id`,`item_id`,`line`),
  KEY `sale_id` (`sale_id`),
  KEY `item_id` (`item_id`),
  KEY `item_location` (`item_location`)
) ENGINE=InnoDB DEFAULT CHARSET=utf8;

-- Volcando datos para la tabla ospos.ospos_sales_items: ~37 rows (aproximadamente)
/*!40000 ALTER TABLE `ospos_sales_items` DISABLE KEYS */;
INSERT INTO `ospos_sales_items` (`sale_id`, `item_id`, `description`, `serialnumber`, `line`, `quantity_purchased`, `item_cost_price`, `item_unit_price`, `discount`, `discount_type`, `item_location`, `print_option`) VALUES
	(252, 138, '', '', 1, 1.000, 0.00, 1.00, 0.00, 0, 1, 0),
	(253, 138, '', '', 1, 1.000, 0.00, 1.00, 0.00, 0, 1, 0),
	(254, 138, '', '', 1, 1.000, 0.00, 1.00, 0.00, 0, 1, 0),
	(255, 138, '', '', 1, 1.000, 0.00, 1.00, 0.00, 0, 1, 0),
	(256, 138, '', '', 1, 1.000, 0.00, 1.00, 0.00, 0, 1, 0),
	(257, 138, '', '', 1, 1.000, 0.00, 1.00, 0.00, 0, 1, 0),
	(258, 138, '', '', 1, 1.000, 0.00, 1.00, 0.00, 0, 1, 0),
	(259, 138, '', '', 1, 1.000, 0.00, 1.00, 0.00, 0, 1, 0),
	(260, 138, '', '', 1, 1.000, 0.00, 1.00, 0.00, 0, 1, 0),
	(261, 138, '', '', 1, 1.000, 0.00, 1.00, 0.00, 0, 1, 0),
	(262, 138, '', '', 1, 1.000, 0.00, 1.00, 0.00, 0, 1, 0),
	(263, 138, '', '', 1, 1.000, 0.00, 1.00, 0.00, 0, 1, 0),
	(264, 138, '', '', 1, 1.000, 0.00, 1.00, 0.00, 0, 1, 0),
	(265, 138, '', '', 1, 1.000, 0.00, 1.00, 0.00, 0, 1, 0),
	(266, 138, '', '', 1, 1.000, 0.00, 1.00, 0.00, 0, 1, 0),
	(267, 138, '', '', 1, 1.000, 0.00, 1.00, 0.00, 0, 1, 0),
	(268, 138, '', '', 1, 1.000, 0.00, 1.00, 0.00, 0, 1, 0),
	(269, 138, '', '', 1, 1.000, 0.00, 1.00, 0.00, 0, 1, 0),
	(270, 138, '', '', 1, 1.000, 0.00, 1.00, 0.00, 0, 1, 0),
	(271, 138, '', '', 1, 1.000, 0.00, 1.00, 0.00, 0, 1, 0),
	(272, 138, '', '', 1, 1.000, 0.00, 1.00, 0.00, 0, 1, 0),
	(273, 138, '', '', 1, 1.000, 0.00, 1.00, 0.00, 0, 1, 0),
	(274, 138, '', '', 1, 1.000, 0.00, 1.00, 0.00, 0, 1, 0),
	(275, 138, '', '', 1, 1.000, 0.00, 1.00, 0.00, 0, 1, 0),
	(276, 138, '', '', 1, 1.000, 0.00, 1.00, 0.00, 0, 1, 0),
	(277, 138, '', '', 1, 1.000, 0.00, 1.00, 0.00, 0, 1, 0),
	(278, 138, '', '', 1, 1.000, 0.00, 1.00, 0.00, 0, 1, 0),
	(279, 138, '', '', 1, 1.000, 0.00, 1.00, 0.00, 0, 1, 0),
	(280, 138, '', '', 1, 1.000, 0.00, 1.00, 0.00, 0, 1, 0),
	(281, 138, '', '', 1, 1.000, 0.00, 1.00, 0.00, 0, 1, 0),
	(282, 138, '', '', 1, 1.000, 0.00, 1.00, 0.00, 0, 1, 0),
	(283, 138, '', '', 1, 1.000, 0.00, 1.00, 0.00, 0, 1, 0),
	(284, 138, '', '', 1, 1.000, 0.00, 1.00, 0.00, 0, 1, 0),
	(285, 138, '', '', 1, 1.000, 0.00, 1.00, 0.00, 0, 1, 0),
	(286, 138, '', '', 1, 1.000, 0.00, 1.00, 0.00, 0, 1, 0),
	(287, 138, '', '', 1, 1.000, 0.00, 1.00, 0.00, 0, 1, 0),
	(288, 138, '', '', 1, 1.000, 0.00, 1.00, 0.00, 0, 1, 0);
/*!40000 ALTER TABLE `ospos_sales_items` ENABLE KEYS */;


-- Volcando estructura para tabla ospos.ospos_sales_items_taxes
CREATE TABLE IF NOT EXISTS `ospos_sales_items_taxes` (
  `sale_id` int(10) NOT NULL,
  `item_id` int(10) NOT NULL,
  `line` int(3) NOT NULL DEFAULT 0,
  `name` varchar(255) NOT NULL,
  `percent` decimal(15,4) NOT NULL DEFAULT 0.0000,
  `tax_type` tinyint(2) NOT NULL DEFAULT 0,
  `rounding_code` tinyint(2) NOT NULL DEFAULT 0,
  `cascade_sequence` tinyint(2) NOT NULL DEFAULT 0,
  `item_tax_amount` decimal(15,4) NOT NULL DEFAULT 0.0000,
  `sales_tax_code_id` int(11) DEFAULT NULL,
  `jurisdiction_id` int(11) DEFAULT NULL,
  `tax_category_id` int(11) DEFAULT NULL,
  PRIMARY KEY (`sale_id`,`item_id`,`line`,`name`,`percent`),
  KEY `sale_id` (`sale_id`),
  KEY `item_id` (`item_id`)
) ENGINE=InnoDB DEFAULT CHARSET=utf8;

-- Volcando datos para la tabla ospos.ospos_sales_items_taxes: ~37 rows (aproximadamente)
/*!40000 ALTER TABLE `ospos_sales_items_taxes` DISABLE KEYS */;
INSERT INTO `ospos_sales_items_taxes` (`sale_id`, `item_id`, `line`, `name`, `percent`, `tax_type`, `rounding_code`, `cascade_sequence`, `item_tax_amount`, `sales_tax_code_id`, `jurisdiction_id`, `tax_category_id`) VALUES
	(252, 138, 1, '', 12.0000, 1, 1, 0, 0.1200, 1, 1, 1),
	(253, 138, 1, '', 12.0000, 1, 1, 0, 0.1200, 1, 1, 1),
	(254, 138, 1, '', 12.0000, 1, 1, 0, 0.1200, 1, 1, 1),
	(255, 138, 1, '', 12.0000, 1, 1, 0, 0.1200, 1, 1, 1),
	(256, 138, 1, '', 12.0000, 1, 1, 0, 0.1200, 1, 1, 1),
	(257, 138, 1, '', 12.0000, 1, 1, 0, 0.1200, 1, 1, 1),
	(258, 138, 1, '', 12.0000, 1, 1, 0, 0.1200, 1, 1, 1),
	(259, 138, 1, '', 12.0000, 1, 1, 0, 0.1200, 1, 1, 1),
	(260, 138, 1, '', 12.0000, 1, 1, 0, 0.1200, 1, 1, 1),
	(261, 138, 1, '', 12.0000, 1, 1, 0, 0.1200, 1, 1, 1),
	(262, 138, 1, '', 12.0000, 1, 1, 0, 0.1200, 1, 1, 1),
	(263, 138, 1, '', 12.0000, 1, 1, 0, 0.1200, 1, 1, 1),
	(264, 138, 1, '', 12.0000, 1, 1, 0, 0.1200, 1, 1, 1),
	(265, 138, 1, '', 12.0000, 1, 1, 0, 0.1200, 1, 1, 1),
	(266, 138, 1, '', 12.0000, 1, 1, 0, 0.1200, 1, 1, 1),
	(267, 138, 1, '', 12.0000, 1, 1, 0, 0.1200, 1, 1, 1),
	(268, 138, 1, '', 12.0000, 1, 1, 0, 0.1200, 1, 1, 1),
	(269, 138, 1, '', 12.0000, 1, 1, 0, 0.1200, 1, 1, 1),
	(270, 138, 1, '', 12.0000, 1, 1, 0, 0.1200, 1, 1, 1),
	(271, 138, 1, '', 12.0000, 1, 1, 0, 0.1200, 1, 1, 1),
	(272, 138, 1, '', 12.0000, 1, 1, 0, 0.1200, 1, 1, 1),
	(273, 138, 1, '', 12.0000, 1, 1, 0, 0.1200, 1, 1, 1),
	(274, 138, 1, '', 12.0000, 1, 1, 0, 0.1200, 1, 1, 1),
	(275, 138, 1, '', 12.0000, 1, 1, 0, 0.1200, 1, 1, 1),
	(276, 138, 1, '', 12.0000, 1, 1, 0, 0.1200, 1, 1, 1),
	(277, 138, 1, '', 12.0000, 1, 1, 0, 0.1200, 1, 1, 1),
	(278, 138, 1, '', 12.0000, 1, 1, 0, 0.1200, 1, 1, 1),
	(279, 138, 1, '', 12.0000, 1, 1, 0, 0.1200, 1, 1, 1),
	(280, 138, 1, '', 12.0000, 1, 1, 0, 0.1200, 1, 1, 1),
	(281, 138, 1, '', 12.0000, 1, 1, 0, 0.1200, 1, 1, 1),
	(282, 138, 1, '', 12.0000, 1, 1, 0, 0.1200, 1, 1, 1),
	(283, 138, 1, '', 12.0000, 1, 1, 0, 0.1200, 1, 1, 1),
	(284, 138, 1, '', 12.0000, 1, 1, 0, 0.1200, 1, 1, 1),
	(285, 138, 1, '', 12.0000, 1, 1, 0, 0.1200, 1, 1, 1),
	(286, 138, 1, '', 12.0000, 1, 1, 0, 0.1200, 1, 1, 1),
	(287, 138, 1, '', 12.0000, 1, 1, 0, 0.1200, 1, 1, 1),
	(288, 138, 1, '', 12.0000, 1, 1, 0, 0.1200, 1, 1, 1);
/*!40000 ALTER TABLE `ospos_sales_items_taxes` ENABLE KEYS */;


-- Volcando estructura para tabla ospos.ospos_sales_payments
CREATE TABLE IF NOT EXISTS `ospos_sales_payments` (
  `payment_id` int(11) NOT NULL AUTO_INCREMENT,
  `sale_id` int(10) NOT NULL,
  `payment_type` varchar(40) NOT NULL,
  `payment_amount` decimal(15,2) NOT NULL,
  `cash_refund` decimal(15,2) NOT NULL DEFAULT 0.00,
  `employee_id` int(11) DEFAULT NULL,
  `payment_time` timestamp NOT NULL DEFAULT current_timestamp(),
  `reference_code` varchar(40) NOT NULL DEFAULT '',
  PRIMARY KEY (`payment_id`),
  KEY `payment_sale` (`sale_id`,`payment_type`),
  KEY `employee_id` (`employee_id`),
  KEY `payment_time` (`payment_time`),
  CONSTRAINT `ospos_sales_payments_ibfk_1` FOREIGN KEY (`sale_id`) REFERENCES `ospos_sales` (`sale_id`),
  CONSTRAINT `ospos_sales_payments_ibfk_2` FOREIGN KEY (`employee_id`) REFERENCES `ospos_employees` (`person_id`)
) ENGINE=InnoDB DEFAULT CHARSET=utf8;

-- Volcando datos para la tabla ospos.ospos_sales_payments: ~0 rows (aproximadamente)
/*!40000 ALTER TABLE `ospos_sales_payments` DISABLE KEYS */;
/*!40000 ALTER TABLE `ospos_sales_payments` ENABLE KEYS */;


-- Volcando estructura para tabla ospos.ospos_sales_reward_points
CREATE TABLE IF NOT EXISTS `ospos_sales_reward_points` (
  `id` int(11) NOT NULL AUTO_INCREMENT,
  `sale_id` int(11) NOT NULL,
  `earned` float NOT NULL,
  `used` float NOT NULL,
  PRIMARY KEY (`id`),
  KEY `sale_id` (`sale_id`)
) ENGINE=InnoDB DEFAULT CHARSET=utf8;

-- Volcando datos para la tabla ospos.ospos_sales_reward_points: ~0 rows (aproximadamente)
/*!40000 ALTER TABLE `ospos_sales_reward_points` DISABLE KEYS */;
/*!40000 ALTER TABLE `ospos_sales_reward_points` ENABLE KEYS */;


-- Volcando estructura para tabla ospos.ospos_sales_taxes
CREATE TABLE IF NOT EXISTS `ospos_sales_taxes` (
  `sales_taxes_id` int(11) NOT NULL AUTO_INCREMENT,
  `sale_id` int(10) NOT NULL,
  `jurisdiction_id` int(11) DEFAULT NULL,
  `tax_category_id` int(11) DEFAULT NULL,
  `tax_type` smallint(2) NOT NULL,
  `tax_group` varchar(32) NOT NULL,
  `sale_tax_basis` decimal(15,4) NOT NULL,
  `sale_tax_amount` decimal(15,4) NOT NULL,
  `print_sequence` tinyint(2) NOT NULL DEFAULT 0,
  `name` varchar(255) NOT NULL,
  `tax_rate` decimal(15,4) NOT NULL,
  `sales_tax_code_id` int(11) DEFAULT NULL,
  `rounding_code` tinyint(2) NOT NULL DEFAULT 0,
  PRIMARY KEY (`sales_taxes_id`),
  KEY `print_sequence` (`sale_id`,`print_sequence`,`tax_group`)
) ENGINE=InnoDB AUTO_INCREMENT=266 DEFAULT CHARSET=utf8;

-- Volcando datos para la tabla ospos.ospos_sales_taxes: ~256 rows (aproximadamente)
/*!40000 ALTER TABLE `ospos_sales_taxes` DISABLE KEYS */;
INSERT INTO `ospos_sales_taxes` (`sales_taxes_id`, `sale_id`, `jurisdiction_id`, `tax_category_id`, `tax_type`, `tax_group`, `sale_tax_basis`, `sale_tax_amount`, `print_sequence`, `name`, `tax_rate`, `sales_tax_code_id`, `rounding_code`) VALUES
	(1, 5, 1, 1, 1, '12% IVA', 15.0000, 1.8000, 12, 'IVA', 12.0000, 1, 1),
	(2, 6, 1, 1, 1, '12% IVA', 15.0000, 1.8000, 12, 'IVA', 12.0000, 1, 1),
	(3, 9, 1, 1, 1, '12% IVA', 15.0000, 1.8000, 12, 'IVA', 12.0000, 1, 1),
	(4, 11, 1, 1, 1, '12% IVA', 34.0000, 4.0800, 12, 'IVA', 12.0000, 1, 1),
	(5, 23, 1, 1, 1, '12% IVA', 15.0000, 1.8000, 12, 'IVA', 12.0000, 1, 1),
	(6, 31, 1, 1, 1, '12% IVA', 15.0000, 1.8000, 12, 'IVA', 12.0000, 1, 1),
	(7, 32, 1, 1, 1, '12% IVA', 19.0000, 2.2800, 12, 'IVA', 12.0000, 1, 1),
	(8, 33, 1, 1, 1, '12% IVA', 19.0000, 2.2800, 12, 'IVA', 12.0000, 1, 1),
	(9, 34, NULL, NULL, 1, '1% IVA', 38.0000, 0.3800, 12, 'IVA', 1.0000, NULL, 1),
	(16, 35, 1, 1, 1, 'TaxGroup1', 15.0000, 1.8000, 13, 'TaxGroup1', 12.0000, 1, 1),
	(17, 36, 1, 1, 1, '', 15.0000, 1.8000, 13, '', 12.0000, 1, 1),
	(18, 37, 1, 1, 1, '', 15.0000, 1.8000, 13, '', 12.0000, 1, 1),
	(19, 38, 1, 1, 1, '', 15.0000, 1.8000, 13, '', 12.0000, 1, 1),
	(20, 39, 1, 1, 1, '', 15.0000, 1.8000, 13, '', 12.0000, 1, 1),
	(21, 40, 1, 1, 1, '', 15.0000, 1.8000, 13, '', 12.0000, 1, 1),
	(22, 41, 1, 1, 1, '', 15.0000, 1.8000, 13, '', 12.0000, 1, 1),
	(23, 42, 1, 1, 1, '', 15.0000, 1.8000, 13, '', 12.0000, 1, 1),
	(24, 43, 1, 1, 1, '', 15.0000, 1.8000, 13, '', 12.0000, 1, 1),
	(25, 44, 1, 1, 1, '', 14.2500, 1.7100, 13, '', 12.0000, 1, 1),
	(26, 45, 1, 1, 1, '', 14.7000, 1.7600, 13, '', 12.0000, 1, 1),
	(27, 46, 1, 1, 1, '', 15.0000, 1.8000, 1, '', 12.0000, 1, 1),
	(28, 47, 1, 1, 1, '', 14.8500, 1.7800, 1, '', 12.0000, 1, 1),
	(29, 48, 1, 1, 1, '', 30.0000, 3.6000, 1, '', 12.0000, 1, 1),
	(30, 49, 1, 1, 1, '', 29.7000, 3.5600, 1, '', 12.0000, 1, 1),
	(31, 50, 1, 1, 1, '', 15.0000, 1.8000, 1, '', 12.0000, 1, 1),
	(32, 51, 1, 1, 1, '', 30.0000, 3.6000, 1, '', 12.0000, 1, 1),
	(33, 52, 1, 1, 1, '', 14.8500, 1.7800, 1, '', 12.0000, 1, 1),
	(34, 53, 1, 1, 1, '', 29.7000, 3.5600, 1, '', 12.0000, 1, 1),
	(35, 54, 1, 1, 1, '', 15.0000, 1.8000, 1, '', 12.0000, 1, 1),
	(36, 55, 1, 1, 1, '', 15.0000, 1.8000, 1, '', 12.0000, 1, 1),
	(37, 56, 1, 1, 1, '', 15.0000, 1.8000, 1, '', 12.0000, 1, 1),
	(38, 57, 1, 1, 1, '', 15.0000, 1.8000, 1, '', 12.0000, 1, 1),
	(39, 58, 1, 1, 1, '', 15.0000, 1.8000, 1, '', 12.0000, 1, 1),
	(40, 59, 1, 1, 1, '', 15.0000, 1.8000, 1, '', 12.0000, 1, 1),
	(41, 60, 1, 1, 1, '', 15.0000, 1.8000, 1, '', 12.0000, 1, 1),
	(42, 61, 1, 1, 1, '', 15.0000, 1.8000, 1, '', 12.0000, 1, 1),
	(43, 62, 1, 1, 1, '', 15.0000, 1.8000, 1, '', 12.0000, 1, 1),
	(44, 63, 1, 1, 1, '', 15.0000, 1.8000, 1, '', 12.0000, 1, 1),
	(45, 64, 1, 1, 1, '', 15.0000, 1.8000, 1, '', 12.0000, 1, 1),
	(46, 65, 1, 1, 1, '', 15.0000, 1.8000, 1, '', 12.0000, 1, 1),
	(47, 66, 1, 1, 1, '', 15.0000, 1.8000, 1, '', 12.0000, 1, 1),
	(48, 67, 1, 1, 1, '', 15.0000, 1.8000, 1, '', 12.0000, 1, 1),
	(49, 68, 1, 1, 1, '', 15.0000, 1.8000, 1, '', 12.0000, 1, 1),
	(50, 69, 1, 1, 1, '', 28.5000, 3.4200, 1, '', 12.0000, 1, 1),
	(51, 70, 1, 1, 1, '', 15.0000, 1.8000, 1, '', 12.0000, 1, 1),
	(52, 71, 1, 1, 1, '', 15.0000, 1.8000, 1, '', 12.0000, 1, 1),
	(53, 73, 1, 1, 1, '', 15.0000, 1.8000, 1, '', 12.0000, 1, 1),
	(54, 74, 1, 1, 1, '', 14.7000, 1.7600, 1, '', 12.0000, 1, 1),
	(55, 75, 1, 1, 1, '', 30.0000, 3.6000, 1, '', 12.0000, 1, 1),
	(56, 76, 1, 1, 1, '', 15.0000, 1.8000, 1, '', 12.0000, 1, 1),
	(57, 77, 1, 1, 1, '', 43.0000, 5.1600, 1, '', 12.0000, 1, 1),
	(58, 78, 1, 1, 1, '', 40.4800, 4.8600, 1, '', 12.0000, 1, 1),
	(59, 79, 1, 1, 1, '', 15.0000, 1.8000, 1, '', 12.0000, 1, 1),
	(60, 80, 1, 1, 1, '', 15.0000, 1.8000, 1, '', 12.0000, 1, 1),
	(61, 81, 1, 1, 1, '', 30.0000, 3.6000, 1, '', 12.0000, 1, 1),
	(62, 82, 1, 1, 1, '', 30.0000, 3.6000, 1, '', 12.0000, 1, 1),
	(63, 83, 1, 1, 1, '', 30.0000, 3.6000, 1, '', 12.0000, 1, 1),
	(64, 84, 1, 1, 1, '', 30.0000, 3.6000, 1, '', 12.0000, 1, 1),
	(65, 85, 1, 1, 1, '', 15.0000, 1.8000, 1, '', 12.0000, 1, 1),
	(66, 86, 1, 1, 1, '', 58.0000, 6.9600, 1, '', 12.0000, 1, 1),
	(67, 87, 1, 1, 1, '', 74.0000, 8.8800, 1, '', 12.0000, 1, 1),
	(68, 88, 1, 1, 1, '', 80.0000, 9.6000, 1, '', 12.0000, 1, 1),
	(69, 89, 1, 1, 1, '', 15.0000, 1.8000, 1, '', 12.0000, 1, 1),
	(70, 90, 1, 1, 1, '', 15.0000, 1.8000, 1, '', 12.0000, 1, 1),
	(71, 91, 1, 1, 1, '', 15.0000, 1.8000, 1, '', 12.0000, 1, 1),
	(72, 92, 1, 1, 1, '', 15.0000, 1.8000, 1, '', 12.0000, 1, 1),
	(73, 93, 1, 1, 1, '', 15.0000, 1.8000, 1, '', 12.0000, 1, 1),
	(74, 94, 1, 1, 1, '', 15.0000, 1.8000, 1, '', 12.0000, 1, 1),
	(75, 95, 1, 1, 1, '', 15.0000, 1.8000, 1, '', 12.0000, 1, 1),
	(76, 96, 1, 1, 1, '', 15.0000, 1.8000, 1, '', 12.0000, 1, 1),
	(77, 97, 1, 1, 1, '', 15.0000, 1.8000, 1, '', 12.0000, 1, 1),
	(78, 98, 1, 1, 1, '', 15.0000, 1.8000, 1, '', 12.0000, 1, 1),
	(79, 99, 1, 1, 1, '', 15.0000, 1.8000, 1, '', 12.0000, 1, 1),
	(80, 100, 1, 1, 1, '', 15.0000, 1.8000, 1, '', 12.0000, 1, 1),
	(81, 101, 1, 1, 1, '', 15.0000, 1.8000, 1, '', 12.0000, 1, 1),
	(82, 102, 1, 1, 1, '', 15.0000, 1.8000, 1, '', 12.0000, 1, 1),
	(83, 103, 1, 1, 1, '', 15.0000, 1.8000, 1, '', 12.0000, 1, 1),
	(84, 104, 1, 1, 1, '', 15.0000, 1.8000, 1, '', 12.0000, 1, 1),
	(85, 105, 1, 1, 1, '', 15.0000, 1.8000, 1, '', 12.0000, 1, 1),
	(86, 106, 1, 1, 1, '', 15.0000, 1.8000, 1, '', 12.0000, 1, 1),
	(87, 107, 1, 1, 1, '', 15.0000, 1.8000, 1, '', 12.0000, 1, 1),
	(88, 108, 1, 1, 1, '', 15.0000, 1.8000, 1, '', 12.0000, 1, 1),
	(89, 109, 1, 1, 1, '', 15.0000, 1.8000, 1, '', 12.0000, 1, 1),
	(90, 110, 1, 1, 1, '', 15.0000, 1.8000, 1, '', 12.0000, 1, 1),
	(91, 111, 1, 1, 1, '', 15.0000, 1.8000, 1, '', 12.0000, 1, 1),
	(92, 112, 1, 1, 1, '', 15.0000, 1.8000, 1, '', 12.0000, 1, 1),
	(93, 113, 1, 1, 1, '', 14.2500, 1.7100, 1, '', 12.0000, 1, 1),
	(94, 114, 1, 1, 1, '', 14.2500, 1.7100, 1, '', 12.0000, 1, 1),
	(95, 115, 1, 1, 1, '', 10.0000, 1.2000, 1, '', 12.0000, 1, 1),
	(96, 116, 1, 1, 1, '', 14.2500, 1.7100, 1, '', 12.0000, 1, 1),
	(97, 117, 1, 1, 1, '', 15.0000, 1.8000, 1, '', 12.0000, 1, 1),
	(98, 118, 1, 1, 1, '', 15.0000, 1.8000, 1, '', 12.0000, 1, 1),
	(99, 119, 1, 1, 1, '', 15.0000, 1.8000, 1, '', 12.0000, 1, 1),
	(100, 120, 1, 1, 1, '', 1.0000, 0.1200, 1, '', 12.0000, 1, 1),
	(101, 121, 1, 1, 1, '', 1.0000, 0.1200, 1, '', 12.0000, 1, 1),
	(102, 122, 1, 1, 1, '', 1.0000, 0.1200, 1, '', 12.0000, 1, 1),
	(103, 123, 1, 1, 1, '', 1.0000, 0.1200, 1, '', 12.0000, 1, 1),
	(104, 124, 1, 1, 1, '', 1.0000, 0.1200, 1, '', 12.0000, 1, 1),
	(105, 125, 1, 1, 1, '', 1.0000, 0.1200, 1, '', 12.0000, 1, 1),
	(106, 126, 1, 1, 1, '', 2.0000, 0.2400, 1, '', 12.0000, 1, 1),
	(107, 127, 1, 1, 1, '', 1.0000, 0.1200, 1, '', 12.0000, 1, 1),
	(108, 128, 1, 1, 1, '', 41.0000, 4.9200, 1, '', 12.0000, 1, 1),
	(109, 129, 1, 1, 1, '', 60.0000, 7.2000, 1, '', 12.0000, 1, 1),
	(110, 130, 1, 1, 1, '', 68.0000, 8.1600, 1, '', 12.0000, 1, 1),
	(111, 131, 1, 1, 1, '', 124.0000, 14.8800, 1, '', 12.0000, 1, 1),
	(112, 132, 1, 1, 1, '', 15.0000, 1.8000, 1, '', 12.0000, 1, 1),
	(113, 133, 1, 1, 1, '', 85.0000, 10.2000, 1, '', 12.0000, 1, 1),
	(114, 134, 1, 1, 1, '', 15.0000, 1.8000, 1, '', 12.0000, 1, 1),
	(115, 135, 1, 1, 1, '', 1.0000, 0.1200, 1, '', 12.0000, 1, 1),
	(116, 136, 1, 1, 1, '', 1.0000, 0.1200, 1, '', 12.0000, 1, 1),
	(117, 137, 1, 1, 1, '', 1.0000, 0.1200, 1, '', 12.0000, 1, 1),
	(118, 138, 1, 1, 1, '', 1.0000, 0.1200, 1, '', 12.0000, 1, 1),
	(119, 139, 1, 1, 1, '', 1.0000, 0.1200, 1, '', 12.0000, 1, 1),
	(120, 140, 1, 1, 1, '', 1.0000, 0.1200, 1, '', 12.0000, 1, 1),
	(121, 141, 1, 1, 1, '', 1.0000, 0.1200, 1, '', 12.0000, 1, 1),
	(122, 142, 1, 1, 1, '', 125.0000, 15.0000, 1, '', 12.0000, 1, 1),
	(123, 143, 1, 1, 1, '', 125.0000, 15.0000, 1, '', 12.0000, 1, 1),
	(124, 144, 1, 1, 1, '', 100.0000, 12.0000, 1, '', 12.0000, 1, 1),
	(125, 145, 1, 1, 1, '', 660.0000, 79.2000, 1, '', 12.0000, 1, 1),
	(126, 146, 1, 1, 1, '', 255.0000, 30.6000, 1, '', 12.0000, 1, 1),
	(127, 147, 1, 1, 1, '', 155.0000, 18.6000, 1, '', 12.0000, 1, 1),
	(128, 148, 1, 1, 1, '', 1.0000, 0.1200, 1, '', 12.0000, 1, 1),
	(129, 149, 1, 1, 1, '', 1.0000, 0.1200, 1, '', 12.0000, 1, 1),
	(130, 150, 1, 1, 1, '', 220.0000, 26.4000, 1, '', 12.0000, 1, 1),
	(131, 153, 1, 1, 1, '', 492.8700, 59.1400, 1, '', 12.0000, 1, 1),
	(132, 154, 1, 1, 1, '', 660.0000, 79.2000, 1, '', 12.0000, 1, 1),
	(133, 155, 1, 1, 1, '', 125.0000, 15.0000, 1, '', 12.0000, 1, 1),
	(134, 156, 1, 1, 1, '', 70.0000, 8.4000, 1, '', 12.0000, 1, 1),
	(135, 157, 1, 1, 1, '', 22.0000, 2.6400, 1, '', 12.0000, 1, 1),
	(136, 158, 1, 1, 1, '', 125.0000, 15.0000, 1, '', 12.0000, 1, 1),
	(137, 159, 1, 1, 1, '', 105.0000, 12.6000, 1, '', 12.0000, 1, 1),
	(138, 161, 1, 1, 1, '', 30.0000, 3.6000, 1, '', 12.0000, 1, 1),
	(139, 162, 1, 1, 1, '', 125.0000, 15.0000, 1, '', 12.0000, 1, 1),
	(140, 163, 1, 1, 1, '', 195.0000, 23.4000, 1, '', 12.0000, 1, 1),
	(141, 164, 1, 1, 1, '', 98.0000, 11.7600, 1, '', 12.0000, 1, 1),
	(142, 165, 1, 1, 1, '', 125.0000, 15.0000, 1, '', 12.0000, 1, 1),
	(143, 166, 1, 1, 1, '', 1040.0000, 124.8000, 1, '', 12.0000, 1, 1),
	(144, 167, 1, 1, 1, '', 95.0000, 11.4000, 1, '', 12.0000, 1, 1),
	(145, 168, 1, 1, 1, '', 195.0000, 23.4000, 1, '', 12.0000, 1, 1),
	(146, 169, 1, 1, 1, '', 405.0000, 48.6000, 1, '', 12.0000, 1, 1),
	(147, 170, 1, 1, 1, '', 160.0000, 19.2000, 1, '', 12.0000, 1, 1),
	(148, 171, 1, 1, 1, '', 595.0000, 71.4000, 1, '', 12.0000, 1, 1),
	(149, 172, 1, 1, 1, '', 686.0000, 82.3200, 1, '', 12.0000, 1, 1),
	(153, 176, 1, 1, 1, '', 1.0000, 0.1200, 1, '', 12.0000, 1, 1),
	(154, 177, 1, 1, 1, '', 121.0000, 14.5200, 1, '', 12.0000, 1, 1),
	(155, 178, 1, 1, 1, '', 121.0000, 14.5200, 1, '', 12.0000, 1, 1),
	(156, 179, 1, 1, 1, '', 30.0000, 3.6000, 1, '', 12.0000, 1, 1),
	(157, 180, 1, 1, 1, '', 120.0000, 14.4000, 1, '', 12.0000, 1, 1),
	(158, 181, 1, 1, 1, '', 300.0000, 36.0000, 1, '', 12.0000, 1, 1),
	(159, 182, 1, 1, 1, '', 40.0000, 4.8000, 1, '', 12.0000, 1, 1),
	(160, 183, 1, 1, 1, '', 205.0000, 24.6000, 1, '', 12.0000, 1, 1),
	(161, 184, 1, 1, 1, '', 15.0000, 1.8000, 1, '', 12.0000, 1, 1),
	(162, 185, 1, 1, 1, '', 15.0000, 1.8000, 1, '', 12.0000, 1, 1),
	(163, 186, 1, 1, 1, '', 15.0000, 1.8000, 1, '', 12.0000, 1, 1),
	(164, 187, 1, 1, 1, '', 15.0000, 1.8000, 1, '', 12.0000, 1, 1),
	(165, 188, 1, 1, 1, '', 55.0000, 6.6000, 1, '', 12.0000, 1, 1),
	(166, 189, 1, 1, 1, '', 55.0000, 6.6000, 1, '', 12.0000, 1, 1),
	(167, 190, 1, 1, 1, '', 1800.0000, 216.0000, 1, '', 12.0000, 1, 1),
	(168, 191, 1, 1, 1, '', 18.0000, 2.1600, 1, '', 12.0000, 1, 1),
	(169, 192, 1, 1, 1, '', 335.0000, 40.2000, 1, '', 12.0000, 1, 1),
	(170, 193, 1, 1, 1, '', 110.0000, 13.2000, 1, '', 12.0000, 1, 1),
	(171, 194, 1, 1, 1, '', 1.0000, 0.1200, 1, '', 12.0000, 1, 1),
	(172, 195, 1, 1, 1, '', 125.0000, 15.0000, 1, '', 12.0000, 1, 1),
	(173, 196, 1, 1, 1, '', 745.0000, 89.4000, 1, '', 12.0000, 1, 1),
	(174, 197, 1, 1, 1, '', 125.0000, 15.0000, 1, '', 12.0000, 1, 1),
	(175, 198, 1, 1, 1, '', 545.0000, 65.4000, 1, '', 12.0000, 1, 1),
	(176, 199, 1, 1, 1, '', 195.0000, 23.4000, 1, '', 12.0000, 1, 1),
	(177, 200, 1, 1, 1, '', 430.0000, 51.6000, 1, '', 12.0000, 1, 1),
	(178, 201, 1, 1, 1, '', 430.0000, 51.6000, 1, '', 12.0000, 1, 1),
	(179, 202, 1, 1, 1, '', 50.0000, 6.0000, 1, '', 12.0000, 1, 1),
	(180, 203, 1, 1, 1, '', 125.0000, 15.0000, 1, '', 12.0000, 1, 1),
	(181, 204, 1, 1, 1, '', 25.0000, 3.0000, 1, '', 12.0000, 1, 1),
	(182, 205, 1, 1, 1, '', 200.0000, 24.0000, 1, '', 12.0000, 1, 1),
	(183, 206, 1, 1, 1, '', 200.0000, 24.0000, 1, '', 12.0000, 1, 1),
	(184, 207, 1, 1, 1, '', 125.0000, 15.0000, 1, '', 12.0000, 1, 1),
	(185, 208, 1, 1, 1, '', 375.0000, 45.0000, 1, '', 12.0000, 1, 1),
	(186, 209, 1, 1, 1, '', 370.0000, 44.4000, 1, '', 12.0000, 1, 1),
	(187, 210, 1, 1, 1, '', 55.0000, 6.6000, 1, '', 12.0000, 1, 1),
	(188, 211, 1, 1, 1, '', 1.0000, 0.1200, 1, '', 12.0000, 1, 1),
	(189, 212, 1, 1, 1, '', 245.0000, 29.4000, 1, '', 12.0000, 1, 1),
	(190, 213, 1, 1, 1, '', 65.0000, 7.8000, 1, '', 12.0000, 1, 1),
	(191, 214, 1, 1, 1, '', 85.0000, 10.2000, 1, '', 12.0000, 1, 1),
	(192, 215, 1, 1, 1, '', 1577.0000, 189.2400, 1, '', 12.0000, 1, 1),
	(193, 216, 1, 1, 1, '', 1577.0000, 189.2400, 1, '', 12.0000, 1, 1),
	(194, 217, 1, 1, 1, '', 1.4000, 0.1600, 1, '', 12.0000, 1, 1),
	(195, 218, 1, 1, 1, '', 0.1000, 0.0100, 1, '', 12.0000, 1, 1),
	(196, 219, 1, 1, 1, '', 0.1000, 0.0100, 1, '', 12.0000, 1, 1),
	(197, 220, 1, 1, 1, '', 0.1000, 0.0100, 1, '', 12.0000, 1, 1),
	(198, 221, 1, 1, 1, '', 0.2500, 0.0300, 1, '', 12.0000, 1, 1),
	(199, 222, 1, 1, 1, '', 1.0000, 0.1200, 1, '', 12.0000, 1, 1),
	(200, 223, 1, 1, 1, '', 125.0000, 15.0000, 1, '', 12.0000, 1, 1),
	(201, 224, 1, 1, 1, '', 130.5000, 15.6600, 1, '', 12.0000, 1, 1),
	(202, 225, 1, 1, 1, '', 130.5000, 15.6600, 1, '', 12.0000, 1, 1),
	(203, 226, 1, 1, 1, '', 13.0000, 1.5600, 1, '', 12.0000, 1, 1),
	(204, 227, 1, 1, 1, '', 125.0000, 15.0000, 1, '', 12.0000, 1, 1),
	(205, 228, 1, 1, 1, '', 125.0000, 15.0000, 1, '', 12.0000, 1, 1),
	(206, 229, 1, 1, 1, '', 20.0000, 2.4000, 1, '', 12.0000, 1, 1),
	(207, 230, 1, 1, 1, '', 40.1800, 4.8200, 1, '', 12.0000, 1, 1),
	(208, 231, 1, 1, 1, '', 80.0000, 9.6000, 1, '', 12.0000, 1, 1),
	(209, 232, 1, 1, 1, '', 44.6400, 5.3600, 1, '', 12.0000, 1, 1),
	(210, 233, 1, 1, 1, '', 15.0000, 1.8000, 1, '', 12.0000, 1, 1),
	(211, 234, 1, 1, 1, '', 120.0000, 14.4000, 1, '', 12.0000, 1, 1),
	(212, 235, 1, 1, 1, '', 70.0000, 8.4000, 1, '', 12.0000, 1, 1),
	(213, 236, 1, 1, 1, '', 60.0000, 7.2000, 1, '', 12.0000, 1, 1),
	(214, 237, 1, 1, 1, '', 35.0000, 4.2000, 1, '', 12.0000, 1, 1),
	(215, 238, 1, 1, 1, '', 240.0000, 28.8000, 1, '', 12.0000, 1, 1),
	(216, 239, 1, 1, 1, '', 380.0000, 45.6000, 1, '', 12.0000, 1, 1),
	(217, 240, 1, 1, 1, '', 55.0000, 6.6000, 1, '', 12.0000, 1, 1),
	(218, 241, 1, 1, 1, '', 20.0000, 2.4000, 1, '', 12.0000, 1, 1),
	(219, 242, 1, 1, 1, '', 660.0000, 79.2000, 1, '', 12.0000, 1, 1),
	(220, 243, 1, 1, 1, '', 50.0000, 6.0000, 1, '', 12.0000, 1, 1),
	(221, 244, 1, 1, 1, '', 100.0000, 12.0000, 1, '', 12.0000, 1, 1),
	(222, 245, 1, 1, 1, '', 3130.0000, 375.6000, 1, '', 12.0000, 1, 1),
	(223, 246, 1, 1, 1, '', 3290.0000, 394.8000, 1, '', 12.0000, 1, 1),
	(224, 247, 1, 1, 1, '', 125.0000, 15.0000, 1, '', 12.0000, 1, 1),
	(225, 248, 1, 1, 1, '', 215.0000, 25.8000, 1, '', 12.0000, 1, 1),
	(226, 249, 1, 1, 1, '', 76.9700, 9.2300, 1, '', 12.0000, 1, 1),
	(227, 250, 1, 1, 1, '', 50.0000, 6.0000, 1, '', 12.0000, 1, 1),
	(228, 251, 1, 1, 1, '', 20.0000, 2.4000, 1, '', 12.0000, 1, 1),
	(229, 252, 1, 1, 1, '', 1.0000, 0.1200, 1, '', 12.0000, 1, 1),
	(230, 253, 1, 1, 1, '', 1.0000, 0.1200, 1, '', 12.0000, 1, 1),
	(231, 254, 1, 1, 1, '', 1.0000, 0.1200, 1, '', 12.0000, 1, 1),
	(232, 255, 1, 1, 1, '', 1.0000, 0.1200, 1, '', 12.0000, 1, 1),
	(233, 256, 1, 1, 1, '', 1.0000, 0.1200, 1, '', 12.0000, 1, 1),
	(234, 257, 1, 1, 1, '', 1.0000, 0.1200, 1, '', 12.0000, 1, 1),
	(235, 258, 1, 1, 1, '', 1.0000, 0.1200, 1, '', 12.0000, 1, 1),
	(236, 259, 1, 1, 1, '', 1.0000, 0.1200, 1, '', 12.0000, 1, 1),
	(237, 260, 1, 1, 1, '', 1.0000, 0.1200, 1, '', 12.0000, 1, 1),
	(238, 261, 1, 1, 1, '', 1.0000, 0.1200, 1, '', 12.0000, 1, 1),
	(239, 262, 1, 1, 1, '', 1.0000, 0.1200, 1, '', 12.0000, 1, 1),
	(240, 263, 1, 1, 1, '', 1.0000, 0.1200, 1, '', 12.0000, 1, 1),
	(241, 264, 1, 1, 1, '', 1.0000, 0.1200, 1, '', 12.0000, 1, 1),
	(242, 265, 1, 1, 1, '', 1.0000, 0.1200, 1, '', 12.0000, 1, 1),
	(243, 266, 1, 1, 1, '', 1.0000, 0.1200, 1, '', 12.0000, 1, 1),
	(244, 267, 1, 1, 1, '', 1.0000, 0.1200, 1, '', 12.0000, 1, 1),
	(245, 268, 1, 1, 1, '', 1.0000, 0.1200, 1, '', 12.0000, 1, 1),
	(246, 269, 1, 1, 1, '', 1.0000, 0.1200, 1, '', 12.0000, 1, 1),
	(247, 270, 1, 1, 1, '', 1.0000, 0.1200, 1, '', 12.0000, 1, 1),
	(248, 271, 1, 1, 1, '', 1.0000, 0.1200, 1, '', 12.0000, 1, 1),
	(249, 272, 1, 1, 1, '', 1.0000, 0.1200, 1, '', 12.0000, 1, 1),
	(250, 273, 1, 1, 1, '', 1.0000, 0.1200, 1, '', 12.0000, 1, 1),
	(251, 274, 1, 1, 1, '', 1.0000, 0.1200, 1, '', 12.0000, 1, 1),
	(252, 275, 1, 1, 1, '', 1.0000, 0.1200, 1, '', 12.0000, 1, 1),
	(253, 276, 1, 1, 1, '', 1.0000, 0.1200, 1, '', 12.0000, 1, 1),
	(254, 277, 1, 1, 1, '', 1.0000, 0.1200, 1, '', 12.0000, 1, 1),
	(255, 278, 1, 1, 1, '', 1.0000, 0.1200, 1, '', 12.0000, 1, 1),
	(256, 279, 1, 1, 1, '', 1.0000, 0.1200, 1, '', 12.0000, 1, 1),
	(257, 280, 1, 1, 1, '', 1.0000, 0.1200, 1, '', 12.0000, 1, 1),
	(258, 281, 1, 1, 1, '', 1.0000, 0.1200, 1, '', 12.0000, 1, 1),
	(259, 282, 1, 1, 1, '', 1.0000, 0.1200, 1, '', 12.0000, 1, 1),
	(260, 283, 1, 1, 1, '', 1.0000, 0.1200, 1, '', 12.0000, 1, 1),
	(261, 284, 1, 1, 1, '', 1.0000, 0.1200, 1, '', 12.0000, 1, 1),
	(262, 285, 1, 1, 1, '', 1.0000, 0.1200, 1, '', 12.0000, 1, 1),
	(263, 286, 1, 1, 1, '', 1.0000, 0.1200, 1, '', 12.0000, 1, 1),
	(264, 287, 1, 1, 1, '', 1.0000, 0.1200, 1, '', 12.0000, 1, 1),
	(265, 288, 1, 1, 1, '', 1.0000, 0.1200, 1, '', 12.0000, 1, 1);
/*!40000 ALTER TABLE `ospos_sales_taxes` ENABLE KEYS */;


-- Volcando estructura para tabla ospos.ospos_sessions
CREATE TABLE IF NOT EXISTS `ospos_sessions` (
  `id` varchar(40) NOT NULL,
  `ip_address` varchar(45) NOT NULL,
  `timestamp` int(10) unsigned NOT NULL DEFAULT 0,
  `data` blob NOT NULL,
  KEY `ci_sessions_timestamp` (`timestamp`)
) ENGINE=InnoDB DEFAULT CHARSET=utf8;

-- Volcando datos para la tabla ospos.ospos_sessions: ~22 rows (aproximadamente)
/*!40000 ALTER TABLE `ospos_sessions` DISABLE KEYS */;
INSERT INTO `ospos_sessions` (`id`, `ip_address`, `timestamp`, `data`) VALUES
	('eq57tvlrl0nn6pr4kf9l7uiqg6jgqfrj', '::1', 1679606650, _binary 0x5F5F63695F6C6173745F726567656E65726174657C693A313637393630363635303B),
	('oh6k84q0sps61ektee5umag28fe08056', '::1', 1679607826, _binary 0x5F5F63695F6C6173745F726567656E65726174657C693A313637393630373832363B706572736F6E5F69647C733A313A2231223B6D656E755F67726F75707C733A343A22686F6D65223B616C6C6F775F74656D705F6974656D737C693A313B73616C655F69647C693A2D313B73616C65735F6D6F64657C733A31323A2273616C655F696E766F696365223B73616C65735F6C6F636174696F6E7C733A313A2231223B6974656D5F6C6F636174696F6E7C733A313A2231223B73616C65735F696E766F6963655F6E756D6265725F656E61626C65647C623A303B),
	('q4hesld52445iqrst97nca6e56fa86ee', '::1', 1679608295, _binary 0x5F5F63695F6C6173745F726567656E65726174657C693A313637393630383239353B706572736F6E5F69647C733A313A2231223B6D656E755F67726F75707C733A343A22686F6D65223B616C6C6F775F74656D705F6974656D737C693A313B73616C655F69647C693A2D313B73616C65735F6D6F64657C733A31323A2273616C655F696E766F696365223B73616C65735F6C6F636174696F6E7C733A313A2231223B6974656D5F6C6F636174696F6E7C733A313A2231223B73616C65735F696E766F6963655F6E756D6265725F656E61626C65647C623A303B),
	('odhdodpfkvuv26iatvnmm8basd7op1s8', '::1', 1679608715, _binary 0x5F5F63695F6C6173745F726567656E65726174657C693A313637393630383731353B706572736F6E5F69647C733A313A2231223B6D656E755F67726F75707C733A343A22686F6D65223B616C6C6F775F74656D705F6974656D737C693A313B73616C655F69647C693A2D313B73616C65735F6D6F64657C733A31323A2273616C655F696E766F696365223B73616C65735F6C6F636174696F6E7C733A313A2231223B6974656D5F6C6F636174696F6E7C733A313A2231223B73616C65735F696E766F6963655F6E756D6265725F656E61626C65647C623A303B),
	('028flec6991mjdv4q9s7nlk2f99moaid', '::1', 1679609055, _binary 0x5F5F63695F6C6173745F726567656E65726174657C693A313637393630393035353B706572736F6E5F69647C733A313A2231223B6D656E755F67726F75707C733A343A22686F6D65223B616C6C6F775F74656D705F6974656D737C693A313B73616C655F69647C693A2D313B73616C65735F6D6F64657C733A31323A2273616C655F696E766F696365223B73616C65735F6C6F636174696F6E7C733A313A2231223B6974656D5F6C6F636174696F6E7C733A313A2231223B73616C65735F696E766F6963655F6E756D6265725F656E61626C65647C623A303B),
	('engod4gdnupqmtv0eoqcv07me5um2rlt', '::1', 1679609177, _binary 0x5F5F63695F6C6173745F726567656E65726174657C693A313637393630393035353B706572736F6E5F69647C733A313A2231223B6D656E755F67726F75707C733A343A22686F6D65223B616C6C6F775F74656D705F6974656D737C693A313B73616C655F69647C693A2D313B73616C65735F6D6F64657C733A31323A2273616C655F696E766F696365223B73616C65735F6C6F636174696F6E7C733A313A2231223B6974656D5F6C6F636174696F6E7C733A313A2231223B73616C65735F696E766F6963655F6E756D6265725F656E61626C65647C623A303B),
	('et3p8t6qicn6am39he3gta080k72gue0', '::1', 1679773748, _binary 0x5F5F63695F6C6173745F726567656E65726174657C693A313637393737333731373B706572736F6E5F69647C733A313A2231223B6D656E755F67726F75707C733A343A22686F6D65223B616C6C6F775F74656D705F6974656D737C693A313B73616C655F69647C693A2D313B73616C65735F6D6F64657C733A31323A2273616C655F696E766F696365223B73616C65735F6C6F636174696F6E7C733A313A2231223B73616C65735F696E766F6963655F6E756D6265725F656E61626C65647C623A303B),
	('rtk058j97cvutaq8rg7912n25addvp5j', '::1', 1679773719, _binary 0x5F5F63695F6C6173745F726567656E65726174657C693A313637393737333731373B706572736F6E5F69647C733A313A2231223B6D656E755F67726F75707C733A343A22686F6D65223B616C6C6F775F74656D705F6974656D737C693A313B73616C655F69647C693A2D313B73616C65735F6D6F64657C733A31323A2273616C655F696E766F696365223B73616C65735F6C6F636174696F6E7C733A313A2231223B73616C65735F696E766F6963655F6E756D6265725F656E61626C65647C623A303B),
	('7be2ideu6vhbvho0kpbfj6qoptlmer8v', '::1', 1679782032, _binary 0x5F5F63695F6C6173745F726567656E65726174657C693A313637393738323033323B706572736F6E5F69647C733A313A2231223B6D656E755F67726F75707C733A343A22686F6D65223B616C6C6F775F74656D705F6974656D737C693A313B73616C655F69647C693A2D313B73616C65735F6D6F64657C733A31323A2273616C655F696E766F696365223B73616C65735F6C6F636174696F6E7C733A313A2231223B73616C65735F696E766F6963655F6E756D6265725F656E61626C65647C623A303B),
	('4bultieahrggqh7o2nqctes6sldk7med', '::1', 1679786298, _binary 0x5F5F63695F6C6173745F726567656E65726174657C693A313637393738363239383B706572736F6E5F69647C733A313A2231223B6D656E755F67726F75707C733A343A22686F6D65223B616C6C6F775F74656D705F6974656D737C693A313B73616C655F69647C693A2D313B73616C65735F6D6F64657C733A31323A2273616C655F696E766F696365223B73616C65735F6C6F636174696F6E7C733A313A2231223B73616C65735F696E766F6963655F6E756D6265725F656E61626C65647C623A303B),
	('gcjk9md6jm7rsv72v7m64aee3h3hjdb2', '::1', 1679787769, _binary 0x5F5F63695F6C6173745F726567656E65726174657C693A313637393738373736393B706572736F6E5F69647C733A313A2231223B6D656E755F67726F75707C733A343A22686F6D65223B616C6C6F775F74656D705F6974656D737C693A313B73616C655F69647C693A2D313B73616C65735F6D6F64657C733A31323A2273616C655F696E766F696365223B73616C65735F6C6F636174696F6E7C733A313A2231223B73616C65735F696E766F6963655F6E756D6265725F656E61626C65647C623A303B73616C65735F636172747C613A303A7B7D73616C65735F637573746F6D65727C693A2D313B73616C65735F7061796D656E74737C613A303A7B7D636173685F6D6F64657C693A303B636173685F726F756E64696E677C693A303B73616C65735F696E766F6963655F6E756D6265727C4E3B),
	('nr6ujfim0revro76k6q6c5c8gqak1qrj', '::1', 1679787769, _binary 0x5F5F63695F6C6173745F726567656E65726174657C693A313637393738373736393B706572736F6E5F69647C733A313A2231223B6D656E755F67726F75707C733A343A22686F6D65223B616C6C6F775F74656D705F6974656D737C693A313B73616C655F69647C693A2D313B73616C65735F6D6F64657C733A31323A2273616C655F696E766F696365223B73616C65735F6C6F636174696F6E7C733A313A2231223B73616C65735F696E766F6963655F6E756D6265725F656E61626C65647C623A303B73616C65735F636172747C613A303A7B7D73616C65735F637573746F6D65727C693A2D313B73616C65735F7061796D656E74737C613A303A7B7D636173685F6D6F64657C693A303B636173685F726F756E64696E677C693A303B73616C65735F696E766F6963655F6E756D6265727C4E3B),
	('nf8u56uv8tpm6kl6tfd8qrv68c4rgb5r', '::1', 1680032954, _binary 0x5F5F63695F6C6173745F726567656E65726174657C693A313638303033323935343B706572736F6E5F69647C733A313A2231223B6D656E755F67726F75707C733A343A22686F6D65223B616C6C6F775F74656D705F6974656D737C693A313B73616C655F69647C693A2D313B73616C65735F6D6F64657C733A31323A2273616C655F696E766F696365223B73616C65735F6C6F636174696F6E7C733A313A2231223B73616C65735F696E766F6963655F6E756D6265725F656E61626C65647C623A303B),
	('75q3mguibsv1ait9d9904e26ppdnt353', '::1', 1680033266, _binary 0x5F5F63695F6C6173745F726567656E65726174657C693A313638303033333236363B706572736F6E5F69647C733A313A2231223B6D656E755F67726F75707C733A343A22686F6D65223B616C6C6F775F74656D705F6974656D737C693A313B73616C655F69647C693A2D313B73616C65735F6D6F64657C733A31323A2273616C655F696E766F696365223B73616C65735F6C6F636174696F6E7C733A313A2231223B73616C65735F696E766F6963655F6E756D6265725F656E61626C65647C623A303B),
	('b3vi5mcr9n7eaj7kgkufqksv99sj39pc', '::1', 1680033606, _binary 0x5F5F63695F6C6173745F726567656E65726174657C693A313638303033333630363B706572736F6E5F69647C733A313A2231223B6D656E755F67726F75707C733A343A22686F6D65223B616C6C6F775F74656D705F6974656D737C693A313B73616C655F69647C693A2D313B73616C65735F6D6F64657C733A31323A2273616C655F696E766F696365223B73616C65735F6C6F636174696F6E7C733A313A2231223B73616C65735F696E766F6963655F6E756D6265725F656E61626C65647C623A303B),
	('r96efde7s8bt6frn3au5jpkb1clbj4o0', '::1', 1680034190, _binary 0x5F5F63695F6C6173745F726567656E65726174657C693A313638303033343139303B706572736F6E5F69647C733A313A2231223B6D656E755F67726F75707C733A343A22686F6D65223B616C6C6F775F74656D705F6974656D737C693A313B73616C655F69647C693A2D313B73616C65735F6D6F64657C733A31323A2273616C655F696E766F696365223B73616C65735F6C6F636174696F6E7C733A313A2231223B73616C65735F696E766F6963655F6E756D6265725F656E61626C65647C623A303B),
	('eprceb5g1ka8apvn44in3ola1us75rkc', '::1', 1680034619, _binary 0x5F5F63695F6C6173745F726567656E65726174657C693A313638303033343631393B706572736F6E5F69647C733A313A2231223B6D656E755F67726F75707C733A343A22686F6D65223B616C6C6F775F74656D705F6974656D737C693A313B73616C655F69647C693A2D313B73616C65735F6D6F64657C733A31323A2273616C655F696E766F696365223B73616C65735F6C6F636174696F6E7C733A313A2231223B73616C65735F696E766F6963655F6E756D6265725F656E61626C65647C623A303B),
	('t97q9g47ropqgs2hbrlg5r36un0lc0s5', '::1', 1680035372, _binary 0x5F5F63695F6C6173745F726567656E65726174657C693A313638303033353337323B706572736F6E5F69647C733A313A2231223B6D656E755F67726F75707C733A343A22686F6D65223B616C6C6F775F74656D705F6974656D737C693A313B73616C655F69647C693A2D313B73616C65735F6D6F64657C733A31323A2273616C655F696E766F696365223B73616C65735F6C6F636174696F6E7C733A313A2231223B73616C65735F696E766F6963655F6E756D6265725F656E61626C65647C623A303B73616C65735F656D706C6F7965657C733A313A2231223B73616C65735F776F726B5F6F726465725F6E756D6265727C4E3B),
	('ovc8rn1o8fot6ptetq7jkirg3ajprcka', '::1', 1680035709, _binary 0x5F5F63695F6C6173745F726567656E65726174657C693A313638303033353730393B706572736F6E5F69647C733A313A2231223B6D656E755F67726F75707C733A343A22686F6D65223B616C6C6F775F74656D705F6974656D737C693A313B73616C655F69647C693A2D313B73616C65735F6D6F64657C733A31323A2273616C655F696E766F696365223B73616C65735F6C6F636174696F6E7C733A313A2231223B73616C65735F696E766F6963655F6E756D6265725F656E61626C65647C623A303B73616C65735F656D706C6F7965657C733A313A2231223B73616C65735F776F726B5F6F726465725F6E756D6265727C4E3B),
	('5oeen1igm2ksv88pa58o1g5itc8387f7', '::1', 1680036462, _binary 0x5F5F63695F6C6173745F726567656E65726174657C693A313638303033363436323B706572736F6E5F69647C733A313A2231223B6D656E755F67726F75707C733A343A22686F6D65223B616C6C6F775F74656D705F6974656D737C693A313B73616C655F69647C693A2D313B73616C65735F6D6F64657C733A31323A2273616C655F696E766F696365223B73616C65735F6C6F636174696F6E7C733A313A2231223B73616C65735F696E766F6963655F6E756D6265725F656E61626C65647C623A303B73616C65735F656D706C6F7965657C733A313A2231223B73616C65735F776F726B5F6F726465725F6E756D6265727C4E3B73616C65735F636172747C613A313A7B693A313B613A32353A7B733A373A226974656D5F6964223B733A333A22313338223B733A31333A226974656D5F6C6F636174696F6E223B733A313A2231223B733A31303A2273746F636B5F6E616D65223B733A31333A22456E204578697374656E636961223B733A343A226C696E65223B693A313B733A343A226E616D65223B733A363A22707275656261223B733A31313A226974656D5F6E756D626572223B733A363A22707275656261223B733A31363A226174747269627574655F76616C756573223B4E3B733A31383A226174747269627574655F647476616C756573223B4E3B733A31313A226465736372697074696F6E223B733A303A22223B733A31323A2273657269616C6E756D626572223B733A303A22223B733A32313A22616C6C6F775F616C745F6465736372697074696F6E223B733A313A2230223B733A31333A2269735F73657269616C697A6564223B733A313A2230223B733A383A227175616E74697479223B693A313B733A383A22646973636F756E74223B733A313A2230223B733A31333A22646973636F756E745F74797065223B733A313A2230223B733A383A22696E5F73746F636B223B733A373A222D33372E303030223B733A353A227072696365223B733A343A22312E3030223B733A31303A22636F73745F7072696365223B733A343A22302E3030223B733A353A22746F74616C223B733A363A22312E30303030223B733A31363A22646973636F756E7465645F746F74616C223B733A363A22312E30303030223B733A31323A227072696E745F6F7074696F6E223B693A303B733A31303A2273746F636B5F74797065223B733A313A2230223B733A393A226974656D5F74797065223B733A313A2230223B733A383A2268736E5F636F6465223B733A303A22223B733A31353A227461785F63617465676F72795F6964223B733A313A2231223B7D7D73616C65735F637573746F6D65727C693A2D313B73616C65735F7061796D656E74737C613A303A7B7D636173685F6D6F64657C693A303B636173685F726F756E64696E677C693A303B73616C65735F696E766F6963655F6E756D6265727C4E3B),
	('l0mo0pfp1v5p9qluvnqmtpk2c0hep1ru', '::1', 1680036873, _binary 0x5F5F63695F6C6173745F726567656E65726174657C693A313638303033363837333B706572736F6E5F69647C733A313A2231223B6D656E755F67726F75707C733A343A22686F6D65223B616C6C6F775F74656D705F6974656D737C693A313B73616C655F69647C693A2D313B73616C65735F6D6F64657C733A31323A2273616C655F696E766F696365223B73616C65735F6C6F636174696F6E7C733A313A2231223B73616C65735F696E766F6963655F6E756D6265725F656E61626C65647C623A303B73616C65735F656D706C6F7965657C733A313A2231223B73616C65735F776F726B5F6F726465725F6E756D6265727C4E3B),
	('rv7ejqf2p5jtgrlcl2qf6taknfv52746', '::1', 1680036873, _binary 0x5F5F63695F6C6173745F726567656E65726174657C693A313638303033363837333B706572736F6E5F69647C733A313A2231223B6D656E755F67726F75707C733A343A22686F6D65223B616C6C6F775F74656D705F6974656D737C693A313B73616C655F69647C693A2D313B73616C65735F6D6F64657C733A31323A2273616C655F696E766F696365223B73616C65735F6C6F636174696F6E7C733A313A2231223B73616C65735F696E766F6963655F6E756D6265725F656E61626C65647C623A303B73616C65735F656D706C6F7965657C733A313A2231223B73616C65735F776F726B5F6F726465725F6E756D6265727C4E3B73616C65735F636172747C613A303A7B7D73616C65735F637573746F6D65727C693A2D313B73616C65735F7061796D656E74737C613A303A7B7D636173685F6D6F64657C693A303B636173685F726F756E64696E677C693A303B73616C65735F696E766F6963655F6E756D6265727C4E3B);
/*!40000 ALTER TABLE `ospos_sessions` ENABLE KEYS */;


-- Volcando estructura para tabla ospos.ospos_stock_locations
CREATE TABLE IF NOT EXISTS `ospos_stock_locations` (
  `location_id` int(11) NOT NULL AUTO_INCREMENT,
  `location_name` varchar(255) DEFAULT NULL,
  `deleted` int(1) NOT NULL DEFAULT 0,
  PRIMARY KEY (`location_id`)
) ENGINE=InnoDB AUTO_INCREMENT=2 DEFAULT CHARSET=utf8;

-- Volcando datos para la tabla ospos.ospos_stock_locations: ~1 rows (aproximadamente)
/*!40000 ALTER TABLE `ospos_stock_locations` DISABLE KEYS */;
INSERT INTO `ospos_stock_locations` (`location_id`, `location_name`, `deleted`) VALUES
	(1, 'En Existencia', 0);
/*!40000 ALTER TABLE `ospos_stock_locations` ENABLE KEYS */;


-- Volcando estructura para tabla ospos.ospos_suppliers
CREATE TABLE IF NOT EXISTS `ospos_suppliers` (
  `person_id` int(10) NOT NULL,
  `company_name` varchar(255) NOT NULL,
  `agency_name` varchar(255) NOT NULL,
  `account_number` varchar(255) DEFAULT NULL,
  `tax_id` varchar(32) NOT NULL DEFAULT '',
  `deleted` int(1) NOT NULL DEFAULT 0,
  `category` tinyint(4) NOT NULL,
  UNIQUE KEY `account_number` (`account_number`),
  KEY `person_id` (`person_id`)
) ENGINE=InnoDB DEFAULT CHARSET=utf8;

-- Volcando datos para la tabla ospos.ospos_suppliers: ~2 rows (aproximadamente)
/*!40000 ALTER TABLE `ospos_suppliers` DISABLE KEYS */;
INSERT INTO `ospos_suppliers` (`person_id`, `company_name`, `agency_name`, `account_number`, `tax_id`, `deleted`, `category`) VALUES
	(2, 'Zapateria nacional S.A', '', '559996633555', '', 1, 0),
	(36, 'TECNOMEGA', '', NULL, '', 0, 0);
/*!40000 ALTER TABLE `ospos_suppliers` ENABLE KEYS */;


-- Volcando estructura para tabla ospos.ospos_tax_categories
CREATE TABLE IF NOT EXISTS `ospos_tax_categories` (
  `tax_category_id` int(10) NOT NULL AUTO_INCREMENT,
  `tax_category` varchar(32) NOT NULL,
  `tax_group_sequence` tinyint(2) NOT NULL,
  `deleted` int(1) NOT NULL DEFAULT 0,
  PRIMARY KEY (`tax_category_id`)
) ENGINE=InnoDB AUTO_INCREMENT=7 DEFAULT CHARSET=utf8;

-- Volcando datos para la tabla ospos.ospos_tax_categories: ~2 rows (aproximadamente)
/*!40000 ALTER TABLE `ospos_tax_categories` DISABLE KEYS */;
INSERT INTO `ospos_tax_categories` (`tax_category_id`, `tax_category`, `tax_group_sequence`, `deleted`) VALUES
	(1, 'IVA', 0, 0),
	(6, 'SIVAS2', 13, 0);
/*!40000 ALTER TABLE `ospos_tax_categories` ENABLE KEYS */;


-- Volcando estructura para tabla ospos.ospos_tax_codes
CREATE TABLE IF NOT EXISTS `ospos_tax_codes` (
  `tax_code_id` int(11) NOT NULL AUTO_INCREMENT,
  `tax_code` varchar(32) NOT NULL,
  `tax_code_name` varchar(255) NOT NULL DEFAULT '',
  `city` varchar(255) NOT NULL DEFAULT '',
  `state` varchar(255) NOT NULL DEFAULT '',
  `deleted` int(1) NOT NULL DEFAULT 0,
  PRIMARY KEY (`tax_code_id`)
) ENGINE=InnoDB AUTO_INCREMENT=3 DEFAULT CHARSET=utf8;

-- Volcando datos para la tabla ospos.ospos_tax_codes: ~2 rows (aproximadamente)
/*!40000 ALTER TABLE `ospos_tax_codes` DISABLE KEYS */;
INSERT INTO `ospos_tax_codes` (`tax_code_id`, `tax_code`, `tax_code_name`, `city`, `state`, `deleted`) VALUES
	(1, 'IVA', 'IVA', '', '', 0),
	(2, 'SIVAS', 'SIVAS', '', '', 0);
/*!40000 ALTER TABLE `ospos_tax_codes` ENABLE KEYS */;


-- Volcando estructura para tabla ospos.ospos_tax_jurisdictions
CREATE TABLE IF NOT EXISTS `ospos_tax_jurisdictions` (
  `jurisdiction_id` int(11) NOT NULL AUTO_INCREMENT,
  `jurisdiction_name` varchar(255) DEFAULT NULL,
  `tax_group` varchar(32) NOT NULL,
  `tax_type` smallint(2) NOT NULL,
  `reporting_authority` varchar(255) DEFAULT NULL,
  `tax_group_sequence` tinyint(2) NOT NULL DEFAULT 0,
  `cascade_sequence` tinyint(2) NOT NULL DEFAULT 0,
  `deleted` int(1) NOT NULL DEFAULT 0,
  PRIMARY KEY (`jurisdiction_id`)
) ENGINE=InnoDB AUTO_INCREMENT=2 DEFAULT CHARSET=utf8;

-- Volcando datos para la tabla ospos.ospos_tax_jurisdictions: ~1 rows (aproximadamente)
/*!40000 ALTER TABLE `ospos_tax_jurisdictions` DISABLE KEYS */;
INSERT INTO `ospos_tax_jurisdictions` (`jurisdiction_id`, `jurisdiction_name`, `tax_group`, `tax_type`, `reporting_authority`, `tax_group_sequence`, `cascade_sequence`, `deleted`) VALUES
	(1, 'Jurisdiction1', '', 1, 'Authority1', 1, 0, 0);
/*!40000 ALTER TABLE `ospos_tax_jurisdictions` ENABLE KEYS */;


-- Volcando estructura para tabla ospos.ospos_tax_rates
CREATE TABLE IF NOT EXISTS `ospos_tax_rates` (
  `tax_rate_id` int(11) NOT NULL AUTO_INCREMENT,
  `rate_tax_code_id` int(11) NOT NULL,
  `rate_tax_category_id` int(10) NOT NULL,
  `rate_jurisdiction_id` int(11) NOT NULL,
  `tax_rate` decimal(15,4) NOT NULL DEFAULT 0.0000,
  `tax_rounding_code` tinyint(2) NOT NULL DEFAULT 0,
  PRIMARY KEY (`tax_rate_id`),
  KEY `rate_tax_category_id` (`rate_tax_category_id`),
  KEY `rate_tax_code_id` (`rate_tax_code_id`),
  KEY `rate_jurisdiction_id` (`rate_jurisdiction_id`),
  CONSTRAINT `ospos_tax_rates_ibfk_1` FOREIGN KEY (`rate_tax_category_id`) REFERENCES `ospos_tax_categories` (`tax_category_id`),
  CONSTRAINT `ospos_tax_rates_ibfk_2` FOREIGN KEY (`rate_tax_code_id`) REFERENCES `ospos_tax_codes` (`tax_code_id`),
  CONSTRAINT `ospos_tax_rates_ibfk_3` FOREIGN KEY (`rate_jurisdiction_id`) REFERENCES `ospos_tax_jurisdictions` (`jurisdiction_id`)
) ENGINE=InnoDB AUTO_INCREMENT=3 DEFAULT CHARSET=utf8;

-- Volcando datos para la tabla ospos.ospos_tax_rates: ~2 rows (aproximadamente)
/*!40000 ALTER TABLE `ospos_tax_rates` DISABLE KEYS */;
INSERT INTO `ospos_tax_rates` (`tax_rate_id`, `rate_tax_code_id`, `rate_tax_category_id`, `rate_jurisdiction_id`, `tax_rate`, `tax_rounding_code`) VALUES
	(1, 1, 1, 1, 12.0000, 1),
	(2, 2, 6, 1, 1.0000, 1);
/*!40000 ALTER TABLE `ospos_tax_rates` ENABLE KEYS */;
/*!40101 SET SQL_MODE=IFNULL(@OLD_SQL_MODE, '') */;
/*!40014 SET FOREIGN_KEY_CHECKS=IF(@OLD_FOREIGN_KEY_CHECKS IS NULL, 1, @OLD_FOREIGN_KEY_CHECKS) */;
/*!40101 SET CHARACTER_SET_CLIENT=@OLD_CHARACTER_SET_CLIENT */;
